time,latitude,longitude,throttle,gear,speed_kmh,rpm
0.1,33.622653117,72.955963858,0.0,1,0.0,1500
0.2,33.622653117,72.955963858,0.0,1,0.0,1500
0.3,33.622653117,72.955963858,0.0,1,0.0,1500
0.4,33.622653117,72.955963858,0.0,1,0.0,1500
0.5,33.622653117,72.955963858,0.0,1,0.0,1500
0.6,33.622653117,72.955963858,0.0,1,0.0,1500
0.7,33.622653117,72.955963858,0.0,1,0.0,1500
0.8,33.622653117,72.955963858,0.0,1,0.0,1500
0.9,33.622653117,72.955963858,0.0,1,0.0,1500
1.0,33.622653117,72.955963858,0.0,1,0.0,1500
1.1,33.622653117,72.955963858,0.0,1,0.0,1500
1.2,33.622653117,72.955963858,0.0,1,0.0,1500
1.3,33.622653117,72.955963858,0.0,1,0.0,1500
1.4,33.622653117,72.955963858,0.0,1,0.0,1500
1.5,33.622653117,72.955963858,0.0,1,0.0,1500
1.6,33.622653117,72.955963858,0.0,1,0.0,1500
1.7,33.622653117,72.955963858,0.0,1,0.0,1500
1.8,33.622653117,72.955963858,0.0,1,0.0,1500
1.9,33.622653117,72.955963858,0.0,1,0.0,1500
2.0,33.622653117,72.955963858,0.0,1,0.0,1500
2.1,33.622653117,72.955963858,0.0,1,0.0,1500
2.2,33.622653117,72.955963858,0.0,1,0.0,1500
2.3,33.622653117,72.955963858,0.0,1,0.0,1500
2.4,33.622653117,72.955963858,0.0,1,0.0,1500
2.5,33.622653117,72.955963858,0.0,1,0.0,1500
2.6,33.622653117,72.955963858,0.0,1,0.0,1500
2.7,33.622653117,72.955963858,0.0,1,0.0,1500
2.8,33.622653117,72.955963858,0.0,1,0.0,1500
2.9,33.622653117,72.955963858,0.0,1,0.0,1500
3.0,33.622653117,72.955963858,0.0,1,0.0,1500
3.1,33.622653117,72.955963858,0.0,1,0.0,1500
3.2,33.622653117,72.955963858,0.0,1,0.0,1500
3.3,33.622653117,72.955963858,0.0,1,0.0,1500
3.4,33.622653117,72.955963858,0.0,1,0.0,1500
3.5,33.622653117,72.955963858,0.0,1,0.0,1500
3.6,33.622653117,72.955963858,0.0,1,0.0,1500
3.7,33.622653117,72.955963858,0.0,1,0.0,1500
3.8,33.622653117,72.955963858,0.0,1,0.0,1500
3.9,33.622653117,72.955963858,0.0,1,0.0,1500
4.0,33.622653117,72.955963858,0.0,1,0.0,1500
4.1,33.622653117,72.955963858,0.0,1,0.0,1500
4.2,33.622653117,72.955963858,0.0,1,0.0,1500
4.3,33.622653117,72.955963858,0.0,1,0.0,1500
4.4,33.622653117,72.955963858,0.0,1,0.0,1500
4.5,33.622653117,72.955963858,0.0,1,0.0,1500
4.6,33.622653117,72.955963858,0.0,1,0.0,1500
4.7,33.622653117,72.955963858,0.0,1,0.0,1500
4.8,33.622653117,72.955963858,0.0,1,0.0,1500
4.9,33.622653117,72.955963858,0.0,1,0.0,1500
5.0,33.622653117,72.955963858,0.0,1,0.0,1500
5.1,33.622653117,72.955963858,0.0,1,0.0,1500
5.2,33.622653117,72.955963858,0.0,1,0.0,1500
5.3,33.622653117,72.955963858,0.0,1,0.0,1500
5.4,33.622653117,72.955963858,0.0,1,0.0,1500
5.5,33.622653117,72.955963858,0.0,1,0.0,1500
5.6,33.622653117,72.955963858,0.0,1,0.0,1500
5.7,33.622653117,72.955963858,0.0,1,0.0,1500
5.8,33.622653117,72.955963858,0.0,1,0.0,1500
5.9,33.622653117,72.955963858,0.0,1,0.0,1500
6.0,33.622653117,72.955963858,0.0,1,0.0,1500
6.1,33.622653117,72.955963858,0.0,1,0.0,1500
6.2,33.622653117,72.955963858,0.0,1,0.0,1500
6.3,33.622653117,72.955963858,0.0,1,0.0,1500
6.4,33.622653117,72.955963858,0.0,1,0.0,1500
6.5,33.622653117,72.955963858,0.0,1,0.0,1500
6.6,33.622653117,72.955963858,0.0,1,0.0,1500
6.7,33.622653117,72.955963858,0.0,1,0.0,1500
6.8,33.622653117,72.955963858,0.0,1,0.0,1500
6.9,33.622653117,72.955963858,0.0,1,0.0,1500
7.0,33.622653117,72.955963858,0.0,1,0.0,1500
7.1,33.622653117,72.955963858,0.0,1,0.0,1500
7.2,33.622653117,72.955963858,0.0,1,0.0,1500
7.3,33.622653117,72.955963858,0.0,1,0.0,1500
7.4,33.622653117,72.955963858,0.0,1,0.0,1500
7.5,33.622653117,72.955963858,0.0,1,0.0,1500
7.6,33.622653117,72.955963858,0.0,1,0.0,1500
7.7,33.622653117,72.955963858,0.0,1,0.0,1500
7.8,33.622653117,72.955963858,0.0,1,0.0,1500
7.9,33.622653117,72.955963858,0.0,1,0.0,1500
8.0,33.622653117,72.955963858,0.0,1,0.0,1500
8.1,33.622653117,72.955963858,0.0,1,0.0,1500
8.2,33.622653117,72.955963858,0.0,1,0.0,1500
8.3,33.622653117,72.955963858,0.0,1,0.0,1500
8.4,33.622653117,72.955963858,0.0,1,0.0,1500
8.5,33.622653117,72.955963858,0.0,1,0.0,1500
8.6,33.622653117,72.955963858,0.0,1,0.0,1500
8.7,33.622653117,72.955963858,0.0,1,0.0,1500
8.8,33.622653117,72.955963858,0.0,1,0.0,1500
8.9,33.622653117,72.955963858,0.0,1,0.0,1500
9.0,33.622653117,72.955963858,0.0,1,0.0,1500
9.1,33.622653117,72.955963858,0.0,1,0.0,1500
9.2,33.622653117,72.955963858,0.0,1,0.0,1500
9.3,33.622653117,72.955963858,0.0,1,0.0,1500
9.4,33.622653117,72.955963858,0.0,1,0.0,1500
9.5,33.622653117,72.955963858,0.0,1,0.0,1500
9.6,33.622653117,72.955963858,0.0,1,0.0,1500
9.7,33.622653117,72.955963858,0.0,1,0.0,1500
9.8,33.622653117,72.955963858,0.0,1,0.0,1500
9.9,33.622653117,72.955963858,0.0,1,0.0,1500
10.0,33.622653117,72.955963858,0.0,1,0.0,1500
10.1,33.622653117,72.955963858,0.0,1,0.0,1500
10.2,33.622653117,72.955963858,0.0,1,0.0,1500
10.3,33.622653117,72.955963858,0.0,1,0.0,1500
10.4,33.622653117,72.955963858,0.0,1,0.0,1500
10.5,33.622653117,72.955963858,0.0,1,0.0,1500
10.6,33.622653117,72.955963858,0.0,1,0.0,1500
10.7,33.622653117,72.955963858,0.0,1,0.0,1500
10.8,33.622653117,72.955963858,0.0,1,0.0,1500
10.9,33.622653117,72.955963858,0.0,1,0.0,1500
11.0,33.622653117,72.955963858,0.0,1,0.0,1500
11.1,33.622653117,72.955963858,0.0,1,0.0,1500
11.2,33.622653117,72.955963858,0.0,1,0.0,1500
11.3,33.622653117,72.955963858,0.0,1,0.0,1500
11.4,33.622653117,72.955963858,0.0,1,0.0,1500
11.5,33.622653117,72.955963858,0.0,1,0.0,1500
11.6,33.622653117,72.955963858,0.0,1,0.0,1500
11.7,33.622653117,72.955963858,0.0,1,0.0,1500
11.8,33.622653117,72.955963858,0.0,1,0.0,1500
11.9,33.622653117,72.955963858,0.0,1,0.0,1500
12.0,33.622653117,72.955963858,0.0,1,0.0,1500
12.1,33.622653117,72.955963858,0.0,1,0.0,1500
12.2,33.622653117,72.955963858,0.0,1,0.0,1500
12.3,33.622653117,72.955963858,0.0,1,0.0,1500
12.4,33.622653117,72.955963858,0.0,1,0.0,1500
12.5,33.622653117,72.955963858,0.0,1,0.0,1500
12.6,33.622653117,72.955963858,0.0,1,0.0,1500
12.7,33.622653117,72.955963858,0.0,1,0.0,1500
12.8,33.622653117,72.955963858,0.0,1,0.0,1500
12.9,33.622653117,72.955963858,0.0,1,0.0,1500
13.0,33.622653117,72.955963858,0.0,1,0.0,1500
13.1,33.622653117,72.955963858,0.0,1,0.0,1500
13.2,33.622653117,72.955963858,0.0,1,0.0,1500
13.3,33.622653117,72.955963858,0.0,1,0.0,1500
13.4,33.622653117,72.955963858,0.0,1,0.0,1500
13.5,33.622653117,72.955963858,0.0,1,0.0,1500
13.6,33.622653117,72.955963858,0.0,1,0.0,1500
13.7,33.622653117,72.955963858,0.0,1,0.0,1500
13.8,33.622653117,72.955963858,0.0,1,0.0,1500
13.9,33.622653117,72.955963858,0.0,1,0.0,1500
14.0,33.622653117,72.955963858,0.0,1,0.0,1500
14.1,33.622653117,72.955963858,0.0,1,0.0,1500
14.2,33.622653117,72.955963858,0.0,1,0.0,1500
14.3,33.622653117,72.955963858,0.0,1,0.0,1500
14.4,33.622653117,72.955963858,0.0,1,0.0,1500
14.5,33.622653117,72.955963858,0.0,1,0.0,1500
14.6,33.622653117,72.955963858,0.0,1,0.0,1500
14.7,33.622653117,72.955963858,0.0,1,0.0,1500
14.8,33.622653117,72.955963858,0.0,1,0.0,1500
14.9,33.622653117,72.955963858,0.0,1,0.0,1500
15.0,33.622653117,72.955963858,0.0,1,0.0,1500
15.1,33.622653117,72.955963858,0.0,1,0.0,1500
15.2,33.622653117,72.955963858,0.0,1,0.0,1500
15.3,33.622653117,72.955963858,0.0,1,0.0,1500
15.4,33.622653117,72.955963858,0.0,1,0.0,1500
15.5,33.622653117,72.955963858,0.0,1,0.0,1500
15.6,33.622653117,72.955963858,0.0,1,0.0,1500
15.7,33.622653117,72.955963858,0.0,1,0.0,1500
15.8,33.622653117,72.955963858,0.0,1,0.0,1500
15.9,33.622653117,72.955963858,0.0,1,0.0,1500
16.0,33.622653117,72.955963858,0.0,1,0.0,1500
16.1,33.622653117,72.955963858,0.0,1,0.0,1500
16.2,33.622653117,72.955963858,0.0,1,0.0,1500
16.3,33.622653117,72.955963858,0.0,1,0.0,1500
16.4,33.622653117,72.955963858,0.0,1,0.0,1500
16.5,33.622653117,72.955963858,0.0,1,0.0,1500
16.6,33.622653117,72.955963858,0.0,1,0.0,1500
16.7,33.622653117,72.955963858,0.0,1,0.0,1500
16.8,33.622653117,72.955963858,0.0,1,0.0,1500
16.9,33.622653117,72.955963858,0.0,1,0.0,1500
17.0,33.622653117,72.955963858,0.0,1,0.0,1500
17.1,33.622653117,72.955963858,0.0,1,0.0,1500
17.2,33.622653117,72.955963858,0.0,1,0.0,1500
17.3,33.622653117,72.955963858,0.0,1,0.0,1500
17.4,33.622653117,72.955963858,0.0,1,0.0,1500
17.5,33.622653117,72.955963858,0.0,1,0.0,1500
17.6,33.622653117,72.955963858,0.0,1,0.0,1500
17.7,33.622653117,72.955963858,0.0,1,0.0,1500
17.8,33.622653117,72.955963858,0.0,1,0.0,1500
17.9,33.622653117,72.955963858,0.0,1,0.0,1500
18.0,33.622653117,72.955963858,0.0,1,0.0,1500
18.1,33.622653117,72.955963858,0.0,1,0.0,1500
18.2,33.622653117,72.955963858,0.0,1,0.0,1500
18.3,33.622653117,72.955963858,0.0,1,0.0,1500
18.4,33.622653117,72.955963858,0.0,1,0.0,1500
18.5,33.622653117,72.955963858,0.0,1,0.0,1500
18.6,33.622653117,72.955963858,0.0,1,0.0,1500
18.7,33.622653117,72.955963858,0.0,1,0.0,1500
18.8,33.622653117,72.955963858,0.0,1,0.0,1500
18.9,33.622653117,72.955963858,0.0,1,0.0,1500
19.0,33.622653117,72.955963858,0.0,1,0.0,1500
19.1,33.622653117,72.955963858,0.0,1,0.0,1500
19.2,33.622653117,72.955963858,0.0,1,0.0,1500
19.3,33.622653117,72.955963858,0.0,1,0.0,1500
19.4,33.622653117,72.955963858,0.0,1,0.0,1500
19.5,33.622653117,72.955963858,0.0,1,0.0,1500
19.6,33.622653117,72.955963858,0.0,1,0.0,1500
19.7,33.622653117,72.955963858,0.0,1,0.0,1500
19.8,33.622653117,72.955963858,0.0,1,0.0,1500
19.9,33.622653117,72.955963858,0.0,1,0.0,1500
20.0,33.622653117,72.955963858,0.0,1,0.0,1500
20.1,33.622653117,72.955963858,0.0,1,0.0,1500
20.2,33.622653117,72.955963858,0.0,1,0.0,1500
20.3,33.622653117,72.955963858,0.0,1,0.0,1500
20.4,33.622653117,72.955963858,0.0,1,0.0,1500
20.5,33.622653117,72.955963858,0.0,1,0.0,1500
20.6,33.622653117,72.955963858,0.0,1,0.0,1500
20.7,33.622653117,72.955963858,0.0,1,0.0,1500
20.8,33.622653117,72.955963858,0.0,1,0.0,1500
20.9,33.622653117,72.955963858,0.0,1,0.0,1500
21.0,33.622653117,72.955963858,0.0,1,0.0,1500
21.1,33.622653117,72.955963858,0.0,1,0.0,1500
21.2,33.622653117,72.955963858,0.0,1,0.0,1500
21.3,33.622653117,72.955963858,0.0,1,0.0,1500
21.4,33.622653117,72.955963858,0.0,1,0.0,1500
21.5,33.622653117,72.955963858,0.0,1,0.0,1500
21.6,33.622653117,72.955963858,0.0,1,0.0,1500
21.7,33.622653117,72.955963858,0.0,1,0.0,1500
21.8,33.622653117,72.955963858,0.0,1,0.0,1500
21.9,33.622653117,72.955963858,0.0,1,0.0,1500
22.0,33.622653117,72.955963858,0.0,1,0.0,1500
22.1,33.622653117,72.955963858,0.0,1,0.0,1500
22.2,33.622653117,72.955963858,0.0,1,0.0,1500
22.3,33.622653117,72.955963858,0.0,1,0.0,1500
22.4,33.622653117,72.955963858,0.0,1,0.0,1500
22.5,33.622653117,72.955963858,0.0,1,0.0,1500
22.6,33.622653117,72.955963858,0.0,1,0.0,1500
22.7,33.622653117,72.955963858,0.0,1,0.0,1500
22.8,33.622653117,72.955963858,0.0,1,0.0,1500
22.9,33.622653117,72.955963858,0.0,1,0.0,1500
23.0,33.622653117,72.955963858,0.0,1,0.0,1500
23.1,33.622653117,72.955963858,0.0,1,0.0,1500
23.2,33.622653117,72.955963858,0.0,1,0.0,1500
23.3,33.622653117,72.955963858,0.0,1,0.0,1500
23.4,33.622653117,72.955963858,0.0,1,0.0,1500
23.5,33.622653117,72.955963858,0.0,1,0.0,1500
23.6,33.622653117,72.955963858,0.0,1,0.0,1500
23.7,33.622653117,72.955963858,0.0,1,0.0,1500
23.8,33.622653117,72.955963858,0.0,1,0.0,1500
23.9,33.622653117,72.955963858,0.0,1,0.0,1500
24.0,33.622653117,72.955963858,0.0,1,0.0,1500
24.1,33.622653117,72.955963858,0.0,1,0.0,1500
24.2,33.622653117,72.955963858,0.0,1,0.0,1500
24.3,33.622653117,72.955963858,0.0,1,0.0,1500
24.4,33.622653117,72.955963858,0.0,1,0.0,1500
24.5,33.622653117,72.955963858,0.0,1,0.0,1500
24.6,33.622653117,72.955963858,0.0,1,0.0,1500
24.7,33.622653117,72.955963858,0.0,1,0.0,1500
24.8,33.622653117,72.955963858,0.0,1,0.0,1500
24.9,33.622653117,72.955963858,0.0,1,0.0,1500
25.0,33.622653117,72.955963858,0.0,1,0.0,1500
25.1,33.622653117,72.955963858,0.0,1,0.0,1500
25.2,33.622653117,72.955963858,0.0,1,0.0,1500
25.3,33.622653117,72.955963858,0.0,1,0.0,1500
25.4,33.622653117,72.955963858,0.0,1,0.0,1500
25.5,33.622653117,72.955963858,0.0,1,0.0,1500
25.6,33.622653117,72.955963858,0.0,1,0.0,1500
25.7,33.622653117,72.955963858,0.0,1,0.0,1500
25.8,33.622653117,72.955963858,0.0,1,0.0,1500
25.9,33.622653117,72.955963858,0.0,1,0.0,1500
26.0,33.622653117,72.955963858,0.0,1,0.0,1500
26.1,33.622653117,72.955963858,0.0,1,0.0,1500
26.2,33.622653117,72.955963858,0.0,1,0.0,1500
26.3,33.622653117,72.955963858,0.0,1,0.0,1500
26.4,33.622653117,72.955963858,0.0,1,0.0,1500
26.5,33.622653117,72.955963858,0.0,1,0.0,1500
26.6,33.622653117,72.955963858,0.0,1,0.0,1500
26.7,33.622653117,72.955963858,0.0,1,0.0,1500
26.8,33.622653117,72.955963858,0.0,1,0.0,1500
26.9,33.622653117,72.955963858,0.0,1,0.0,1500
27.0,33.622653117,72.955963858,0.0,1,0.0,1500
27.1,33.622653117,72.955963858,0.0,1,0.0,1500
27.2,33.622653117,72.955963858,0.0,1,0.0,1500
27.3,33.622653117,72.955963858,0.0,1,0.0,1500
27.4,33.622653117,72.955963858,0.0,1,0.0,1500
27.5,33.622653117,72.955963858,0.0,1,0.0,1500
27.6,33.622653117,72.955963858,0.0,1,0.0,1500
27.7,33.622653117,72.955963858,0.0,1,0.0,1500
27.8,33.622653117,72.955963858,0.0,1,0.0,1500
27.9,33.622653117,72.955963858,0.0,1,0.0,1500
28.0,33.622653117,72.955963858,0.0,1,0.0,1500
28.1,33.622653117,72.955963858,0.0,1,0.0,1500
28.2,33.622653117,72.955963858,0.0,1,0.0,1500
28.3,33.622653117,72.955963858,0.0,1,0.0,1500
28.4,33.622653117,72.955963858,0.0,1,0.0,1500
28.5,33.622653117,72.955963858,0.0,1,0.0,1500
28.6,33.622653117,72.955963858,0.0,1,0.0,1500
28.7,33.622653117,72.955963858,0.0,1,0.0,1500
28.8,33.622653117,72.955963858,0.0,1,0.0,1500
28.9,33.622653117,72.955963858,0.0,1,0.0,1500
29.0,33.622653117,72.955963858,0.0,1,0.0,1500
29.1,33.622653117,72.955963858,0.0,1,0.0,1500
29.2,33.622653117,72.955963858,0.0,1,0.0,1500
29.3,33.622653117,72.955963858,0.0,1,0.0,1500
29.4,33.622653117,72.955963858,0.0,1,0.0,1500
29.5,33.622653117,72.955963858,0.0,1,0.0,1500
29.6,33.622653117,72.955963858,0.0,1,0.0,1500
29.7,33.622653117,72.955963858,0.0,1,0.0,1500
29.8,33.622653117,72.955963858,0.0,1,0.0,1500
29.9,33.622653117,72.955963858,0.0,1,0.0,1500
30.0,33.622653117,72.955963858,0.0,1,0.0,1500
30.1,33.622653117,72.955963858,0.0,1,0.0,1500
30.2,33.622653117,72.955963858,0.0,1,0.0,1500
30.3,33.622653117,72.955963858,0.0,1,0.0,1500
30.4,33.622653117,72.955963858,0.0,1,0.0,1500
30.5,33.622653117,72.955963858,0.0,1,0.0,1500
30.6,33.622653117,72.955963858,0.0,1,0.0,1500
30.7,33.622653117,72.955963858,0.0,1,0.0,1500
30.8,33.622653117,72.955963858,0.0,1,0.0,1500
30.9,33.622653117,72.955963858,0.0,1,0.0,1500
31.0,33.622653117,72.955963858,0.0,1,0.0,1500
31.1,33.622653117,72.955963858,0.0,1,0.0,1500
31.2,33.622653117,72.955963858,0.0,1,0.0,1500
31.3,33.622653117,72.955963858,0.0,1,0.0,1500
31.4,33.622653117,72.955963858,0.0,1,0.0,1500
31.5,33.622653117,72.955963858,0.0,1,0.0,1500
31.6,33.622653117,72.955963858,0.0,1,0.0,1500
31.7,33.622653117,72.955963858,0.0,1,0.0,1500
31.8,33.622653117,72.955963858,0.0,1,0.0,1500
31.9,33.622653117,72.955963858,0.0,1,0.0,1500
32.0,33.622653117,72.955963858,0.0,1,0.0,1500
32.1,33.622653117,72.955963858,0.0,1,0.0,1500
32.2,33.622653117,72.955963858,0.0,1,0.0,1500
32.3,33.622653117,72.955963858,0.0,1,0.0,1500
32.4,33.622653117,72.955963858,0.0,1,0.0,1500
32.5,33.622653117,72.955963858,0.0,1,0.0,1500
32.6,33.622653117,72.955963858,0.0,1,0.0,1500
32.7,33.622653117,72.955963858,0.0,1,0.0,1500
32.8,33.622653117,72.955963858,0.0,1,0.0,1500
32.9,33.622653117,72.955963858,0.0,1,0.0,1500
33.0,33.622653117,72.955963858,0.0,1,0.0,1500
33.1,33.622653117,72.955963858,0.0,1,0.0,1500
33.2,33.622653117,72.955963858,0.0,1,0.0,1500
33.3,33.622653117,72.955963858,0.0,1,0.0,1500
33.4,33.622653117,72.955963858,0.0,1,0.0,1500
33.5,33.622653117,72.955963858,0.0,1,0.0,1500
33.6,33.622653117,72.955963858,0.0,1,0.0,1500
33.7,33.622653117,72.955963858,0.0,1,0.0,1500
33.8,33.622653117,72.955963858,0.0,1,0.0,1500
33.9,33.622653117,72.955963858,0.0,1,0.0,1500
34.0,33.622653117,72.955963858,0.0,1,0.0,1500
34.1,33.622653117,72.955963858,0.0,1,0.0,1500
34.2,33.622653117,72.955963858,0.0,1,0.0,1500
34.3,33.622653117,72.955963858,0.0,1,0.0,1500
34.4,33.622653117,72.955963858,0.0,1,0.0,1500
34.5,33.622653117,72.955963858,0.0,1,0.0,1500
34.6,33.622653117,72.955963858,0.0,1,0.0,1500
34.7,33.622653117,72.955963858,0.0,1,0.0,1500
34.8,33.622653117,72.955963858,0.0,1,0.0,1500
34.9,33.622653117,72.955963858,0.0,1,0.0,1500
35.0,33.622653117,72.955963858,0.0,1,0.0,1500
35.1,33.622653117,72.955963858,0.0,1,0.0,1500
35.2,33.622653117,72.955963858,0.0,1,0.0,1500
35.3,33.622653117,72.955963858,0.0,1,0.0,1500
35.4,33.622653117,72.955963858,0.0,1,0.0,1500
35.5,33.622653117,72.955963858,0.0,1,0.0,1500
35.6,33.622653117,72.955963858,0.0,1,0.0,1500
35.7,33.622653117,72.955963858,0.0,1,0.0,1500
35.8,33.622653117,72.955963858,0.0,1,0.0,1500
35.9,33.622653117,72.955963858,0.0,1,0.0,1500
36.0,33.622653117,72.955963858,0.0,1,0.0,1500
36.1,33.622653117,72.955963858,0.0,1,0.0,1500
36.2,33.622653117,72.955963858,0.0,1,0.0,1500
36.3,33.622653117,72.955963858,0.0,1,0.0,1500
36.4,33.622653117,72.955963858,0.0,1,0.0,1500
36.5,33.622653117,72.955963858,0.0,1,0.0,1500
36.6,33.622653117,72.955963858,0.0,1,0.0,1500
36.7,33.622653117,72.955963858,0.0,1,0.0,1500
36.8,33.622653117,72.955963858,0.0,1,0.0,1500
36.9,33.622653117,72.955963858,0.0,1,0.0,1500
37.0,33.622653117,72.955963858,0.0,1,0.0,1500
37.1,33.622653117,72.955963858,0.0,1,0.0,1500
37.2,33.622653117,72.955963858,0.0,1,0.0,1500
37.3,33.622653117,72.955963858,0.0,1,0.0,1500
37.4,33.622653117,72.955963858,0.0,1,0.0,1500
37.5,33.622653117,72.955963858,0.0,1,0.0,1500
37.6,33.622653117,72.955963858,0.0,1,0.0,1500
37.7,33.622653117,72.955963858,0.0,1,0.0,1500
37.8,33.622653117,72.955963858,0.0,1,0.0,1500
37.9,33.622653117,72.955963858,0.0,1,0.0,1500
38.0,33.622653117,72.955963858,0.0,1,0.0,1500
38.1,33.622653117,72.955963858,0.0,1,0.0,1500
38.2,33.622653117,72.955963858,0.0,1,0.0,1500
38.3,33.622653117,72.955963858,0.0,1,0.0,1500
38.4,33.622653117,72.955963858,0.0,1,0.0,1500
38.5,33.622653117,72.955963858,0.0,1,0.0,1500
38.6,33.622653117,72.955963858,0.0,1,0.0,1500
38.7,33.622653117,72.955963858,0.0,1,0.0,1500
38.8,33.622653117,72.955963858,0.0,1,0.0,1500
38.9,33.622653117,72.955963858,0.0,1,0.0,1500
39.0,33.622653117,72.955963858,0.0,1,0.0,1500
39.1,33.622653117,72.955963858,0.0,1,0.0,1500
39.2,33.622653117,72.955963858,0.0,1,0.0,1500
39.3,33.622653117,72.955963858,0.0,1,0.0,1500
39.4,33.622653117,72.955963858,0.0,1,0.0,1500
39.5,33.622653117,72.955963858,0.0,1,0.0,1500
39.6,33.622653117,72.955963858,0.0,1,0.0,1500
39.7,33.622653117,72.955963858,0.0,1,0.0,1500
39.8,33.622653117,72.955963858,0.0,1,0.0,1500
39.9,33.622653117,72.955963858,0.0,1,0.0,1500
40.0,33.622653117,72.955963858,0.0,1,0.0,1500
40.1,33.622653117,72.955963858,0.0,1,0.0,1500
40.2,33.622653117,72.955963858,0.0,1,0.0,1500
40.3,33.622653117,72.955963858,0.0,1,0.0,1500
40.4,33.622653117,72.955963858,0.0,1,0.0,1500
40.5,33.622653117,72.955963858,0.0,1,0.0,1500
40.6,33.622653117,72.955963858,0.0,1,0.0,1500
40.7,33.622653117,72.955963858,0.0,1,0.0,1500
40.8,33.622653117,72.955963858,0.0,1,0.0,1500
40.9,33.622653117,72.955963858,0.0,1,0.0,1500
41.0,33.622653117,72.955963858,0.0,1,0.0,1500
41.1,33.622653117,72.955963858,0.0,1,0.0,1500
41.2,33.622653117,72.955963858,0.0,1,0.0,1500
41.3,33.622653117,72.955963858,0.0,1,0.0,1500
41.4,33.622653117,72.955963858,0.0,1,0.0,1500
41.5,33.622653117,72.955963858,0.0,1,0.0,1500
41.6,33.622653117,72.955963858,0.0,1,0.0,1500
41.7,33.622653117,72.955963858,0.0,1,0.0,1500
41.8,33.622653117,72.955963858,0.0,1,0.0,1500
41.9,33.622653117,72.955963858,0.0,1,0.0,1500
42.0,33.622653117,72.955963858,0.0,1,0.0,1500
42.1,33.622653117,72.955963858,0.0,1,0.0,1500
42.2,33.622653117,72.955963858,0.0,1,0.0,1500
42.3,33.622653117,72.955963858,0.0,1,0.0,1500
42.4,33.622653117,72.955963858,0.0,1,0.0,1500
42.5,33.622653117,72.955963858,0.0,1,0.0,1500
42.6,33.622653117,72.955963858,0.0,1,0.0,1500
42.7,33.622653117,72.955963858,0.0,1,0.0,1500
42.8,33.622653117,72.955963858,0.0,1,0.0,1500
42.9,33.622653117,72.955963858,0.0,1,0.0,1500
43.0,33.622653117,72.955963858,0.0,1,0.0,1500
43.1,33.622653117,72.955963858,0.0,1,0.0,1500
43.2,33.622653117,72.955963858,0.0,1,0.0,1500
43.3,33.622653117,72.955963858,0.0,1,0.0,1500
43.4,33.622653117,72.955963858,0.0,1,0.0,1500
43.5,33.622653117,72.955963858,0.0,1,0.0,1500
43.6,33.622653117,72.955963858,0.0,1,0.0,1500
43.7,33.622653117,72.955963858,0.0,1,0.0,1500
43.8,33.622653117,72.955963858,0.0,1,0.0,1500
43.9,33.622653117,72.955963858,0.0,1,0.0,1500
44.0,33.622653117,72.955963858,0.0,1,0.0,1500
44.1,33.622653117,72.955963858,0.0,1,0.0,1500
44.2,33.622653117,72.955963858,0.0,1,0.0,1500
44.3,33.622653117,72.955963858,0.0,1,0.0,1500
44.4,33.622653117,72.955963858,0.0,1,0.0,1500
44.5,33.622653117,72.955963858,0.0,1,0.0,1500
44.6,33.622653117,72.955963858,0.0,1,0.0,1500
44.7,33.622653117,72.955963858,0.0,1,0.0,1500
44.8,33.622653117,72.955963858,0.0,1,0.0,1500
44.9,33.622653117,72.955963858,0.0,1,0.0,1500
45.0,33.622653117,72.955963858,0.0,1,0.0,1500
45.1,33.622653117,72.955963858,0.0,1,0.0,1500
45.2,33.622653117,72.955963858,0.0,1,0.0,1500
45.3,33.622653117,72.955963858,0.0,1,0.0,1500
45.4,33.622653117,72.955963858,0.0,1,0.0,1500
45.5,33.622653117,72.955963858,0.0,1,0.0,1500
45.6,33.622653117,72.955963858,0.0,1,0.0,1500
45.7,33.622653117,72.955963858,0.0,1,0.0,1500
45.8,33.622653117,72.955963858,0.0,1,0.0,1500
45.9,33.622653117,72.955963858,0.0,1,0.0,1500
46.0,33.622653117,72.955963858,0.0,1,0.0,1500
46.1,33.622653117,72.955963858,0.0,1,0.0,1500
46.2,33.622653117,72.955963858,0.0,1,0.0,1500
46.3,33.622653117,72.955963858,0.0,1,0.0,1500
46.4,33.622653117,72.955963858,0.0,1,0.0,1500
46.5,33.622653117,72.955963858,0.0,1,0.0,1500
46.6,33.622653117,72.955963858,0.0,1,0.0,1500
46.7,33.622653117,72.955963858,0.0,1,0.0,1500
46.8,33.622653117,72.955963858,0.0,1,0.0,1500
46.9,33.622653117,72.955963858,0.0,1,0.0,1500
47.0,33.622653117,72.955963858,0.0,1,0.0,1500
47.1,33.622653117,72.955963858,0.0,1,0.0,1500
47.2,33.622653117,72.955963858,0.0,1,0.0,1500
47.3,33.622653117,72.955963858,0.0,1,0.0,1500
47.4,33.622653117,72.955963858,0.0,1,0.0,1500
47.5,33.622653117,72.955963858,0.0,1,0.0,1500
47.6,33.622653117,72.955963858,0.0,1,0.0,1500
47.7,33.622653117,72.955963858,0.0,1,0.0,1500
47.8,33.622653117,72.955963858,0.0,1,0.0,1500
47.9,33.622653117,72.955963858,0.0,1,0.0,1500
48.0,33.622653117,72.955963858,0.0,1,0.0,1500
48.1,33.622653117,72.955963858,0.0,1,0.0,1500
48.2,33.622653117,72.955963858,0.0,1,0.0,1500
48.3,33.622653117,72.955963858,0.0,1,0.0,1500
48.4,33.622653117,72.955963858,0.0,1,0.0,1500
48.5,33.622653117,72.955963858,0.0,1,0.0,1500
48.6,33.622653117,72.955963858,0.0,1,0.0,1500
48.7,33.622653117,72.955963858,0.0,1,0.0,1500
48.8,33.622653117,72.955963858,0.0,1,0.0,1500
48.9,33.622653117,72.955963858,0.0,1,0.0,1500
49.0,33.622653117,72.955963858,0.0,1,0.0,1500
49.1,33.622653117,72.955963858,0.0,1,0.0,1500
49.2,33.622653117,72.955963858,0.0,1,0.0,1500
49.3,33.622653117,72.955963858,0.0,1,0.0,1500
49.4,33.622653117,72.955963858,0.0,1,0.0,1500
49.5,33.622653117,72.955963858,0.0,1,0.0,1500
49.6,33.622653117,72.955963858,0.0,1,0.0,1500
49.7,33.622653117,72.955963858,0.0,1,0.0,1500
49.8,33.622653117,72.955963858,0.0,1,0.0,1500
49.9,33.622653117,72.955963858,0.0,1,0.0,1500
50.0,33.622653117,72.955963858,0.0,1,0.0,1500
50.1,33.622653117,72.955963858,0.0,1,0.0,1500
50.2,33.622653117,72.955963858,0.0,1,0.0,1500
50.3,33.622653117,72.955963858,0.0,1,0.0,1500
50.4,33.622653117,72.955963858,0.0,1,0.0,1500
50.5,33.622653117,72.955963858,0.0,1,0.0,1500
50.6,33.622653117,72.955963858,0.0,1,0.0,1500
50.7,33.622653117,72.955963858,0.0,1,0.0,1500
50.8,33.622653117,72.955963858,0.0,1,0.0,1500
50.9,33.622653117,72.955963858,0.0,1,0.0,1500
51.0,33.622653117,72.955963858,0.0,1,0.0,1500
51.1,33.622653117,72.955963858,0.0,1,0.0,1500
51.2,33.622653117,72.955963858,0.0,1,0.0,1500
51.3,33.622653117,72.955963858,0.0,1,0.0,1500
51.4,33.622653117,72.955963858,0.0,1,0.0,1500
51.5,33.622653117,72.955963858,0.0,1,0.0,1500
51.6,33.622653117,72.955963858,0.0,1,0.0,1500
51.7,33.622653117,72.955963858,0.0,1,0.0,1500
51.8,33.622653117,72.955963858,0.0,1,0.0,1500
51.9,33.622653117,72.955963858,0.0,1,0.0,1500
52.0,33.622653117,72.955963858,0.0,1,0.0,1500
52.1,33.622653117,72.955963858,0.0,1,0.0,1500
52.2,33.622653117,72.955963858,0.0,1,0.0,1500
52.3,33.622653117,72.955963858,0.0,1,0.0,1500
52.4,33.622653117,72.955963858,0.0,1,0.0,1500
52.5,33.622653117,72.955963858,0.0,1,0.0,1500
52.6,33.622653117,72.955963858,0.0,1,0.0,1500
52.7,33.622653117,72.955963858,0.0,1,0.0,1500
52.8,33.622653117,72.955963858,0.0,1,0.0,1500
52.9,33.622653117,72.955963858,0.0,1,0.0,1500
53.0,33.622653117,72.955963858,0.0,1,0.0,1500
53.1,33.622653117,72.955963858,0.0,1,0.0,1500
53.2,33.622653117,72.955963858,0.0,1,0.0,1500
53.3,33.622653117,72.955963858,0.0,1,0.0,1500
53.4,33.622653117,72.955963858,0.0,1,0.0,1500
53.5,33.622653117,72.955963858,0.0,1,0.0,1500
53.6,33.622653117,72.955963858,0.0,1,0.0,1500
53.7,33.622653117,72.955963858,0.0,1,0.0,1500
53.8,33.622653117,72.955963858,0.0,1,0.0,1500
53.9,33.622653117,72.955963858,0.0,1,0.0,1500
54.0,33.622653117,72.955963858,0.0,1,0.0,1500
54.1,33.622653117,72.955963858,0.0,1,0.0,1500
54.2,33.622653117,72.955963858,0.0,1,0.0,1500
54.3,33.622653117,72.955963858,0.0,1,0.0,1500
54.4,33.622653117,72.955963858,0.0,1,0.0,1500
54.5,33.622653117,72.955963858,0.0,1,0.0,1500
54.6,33.622653117,72.955963858,0.0,1,0.0,1500
54.7,33.622653117,72.955963858,0.0,1,0.0,1500
54.8,33.622653117,72.955963858,0.0,1,0.0,1500
54.9,33.622653117,72.955963858,0.0,1,0.0,1500
55.0,33.622653117,72.955963858,0.0,1,0.0,1500
55.1,33.622653117,72.955963858,0.0,1,0.0,1500
55.2,33.622653117,72.955963858,0.0,1,0.0,1500
55.3,33.622653117,72.955963858,0.0,1,0.0,1500
55.4,33.622653117,72.955963858,0.0,1,0.0,1500
55.5,33.622653117,72.955963858,0.0,1,0.0,1500
55.6,33.622653117,72.955963858,0.0,1,0.0,1500
55.7,33.622653117,72.955963858,0.0,1,0.0,1500
55.8,33.622653117,72.955963858,0.0,1,0.0,1500
55.9,33.622653117,72.955963858,0.0,1,0.0,1500
56.0,33.622653117,72.955963858,0.0,1,0.0,1500
56.1,33.622653117,72.955963858,0.0,1,0.0,1500
56.2,33.622653117,72.955963858,0.0,1,0.0,1500
56.3,33.622653117,72.955963858,0.0,1,0.0,1500
56.4,33.622653117,72.955963858,0.0,1,0.0,1500
56.5,33.622653117,72.955963858,0.0,1,0.0,1500
56.6,33.622653117,72.955963858,0.0,1,0.0,1500
56.7,33.622653117,72.955963858,0.0,1,0.0,1500
56.8,33.622653117,72.955963858,0.0,1,0.0,1500
56.9,33.622653117,72.955963858,0.0,1,0.0,1500
57.0,33.622653117,72.955963858,0.0,1,0.0,1500
57.1,33.622653117,72.955963858,0.0,1,0.0,1500
57.2,33.622653117,72.955963858,0.0,1,0.0,1500
57.3,33.622653117,72.955963858,0.0,1,0.0,1500
57.4,33.622653117,72.955963858,0.0,1,0.0,1500
57.5,33.622653117,72.955963858,0.0,1,0.0,1500
57.6,33.622653117,72.955963858,0.0,1,0.0,1500
57.7,33.622653117,72.955963858,0.0,1,0.0,1500
57.8,33.622653117,72.955963858,0.0,1,0.0,1500
57.9,33.622653117,72.955963858,0.0,1,0.0,1500
58.0,33.622653117,72.955963858,0.0,1,0.0,1500
58.1,33.622653117,72.955963858,0.0,1,0.0,1500
58.2,33.622653117,72.955963858,0.0,1,0.0,1500
58.3,33.622653117,72.955963858,0.0,1,0.0,1500
58.4,33.622653117,72.955963858,0.0,1,0.0,1500
58.5,33.622653117,72.955963858,0.0,1,0.0,1500
58.6,33.622653117,72.955963858,0.0,1,0.0,1500
58.7,33.622653117,72.955963858,0.0,1,0.0,1500
58.8,33.622653117,72.955963858,0.0,1,0.0,1500
58.9,33.622653117,72.955963858,0.0,1,0.0,1500
59.0,33.622653117,72.955963858,0.0,1,0.0,1500
59.1,33.622653117,72.955963858,0.0,1,0.0,1500
59.2,33.622653117,72.955963858,0.0,1,0.0,1500
59.3,33.622653117,72.955963858,0.0,1,0.0,1500
59.4,33.622653117,72.955963858,0.0,1,0.0,1500
59.5,33.622653117,72.955963858,0.0,1,0.0,1500
59.6,33.622653117,72.955963858,0.0,1,0.0,1500
59.7,33.622653117,72.955963858,0.0,1,0.0,1500
59.8,33.622653117,72.955963858,0.0,1,0.0,1500
59.9,33.622653117,72.955963858,0.0,1,0.0,1500
60.0,33.622653117,72.955963858,0.0,1,0.0,1500
60.1,33.622653117,72.955963858,0.0,1,0.0,1500
60.2,33.622653117,72.955963858,0.0,1,0.0,1500
60.3,33.622653117,72.955963858,0.0,1,0.0,1500
60.4,33.622653117,72.955963858,0.0,1,0.0,1500
60.5,33.622653117,72.955963858,0.0,1,0.0,1500
60.6,33.622653117,72.955963858,0.0,1,0.0,1500
60.7,33.622653117,72.955963858,0.0,1,0.0,1500
60.8,33.622653117,72.955963858,0.0,1,0.0,1500
60.9,33.622653117,72.955963858,0.0,1,0.0,1500
61.0,33.622653117,72.955963858,0.0,1,0.0,1500
61.1,33.622653117,72.955963858,0.0,1,0.0,1500
61.2,33.622653117,72.955963858,0.0,1,0.0,1500
61.3,33.622653117,72.955963858,0.0,1,0.0,1500
61.4,33.622653117,72.955963858,0.0,1,0.0,1500
61.5,33.622653117,72.955963858,0.0,1,0.0,1500
61.6,33.622653117,72.955963858,0.0,1,0.0,1500
61.7,33.622653117,72.955963858,0.0,1,0.0,1500
61.8,33.622653117,72.955963858,0.0,1,0.0,1500
61.9,33.622653117,72.955963858,0.0,1,0.0,1500
62.0,33.622653117,72.955963858,0.0,1,0.0,1500
62.1,33.622653117,72.955963858,0.0,1,0.0,1500
62.2,33.622653117,72.955963858,0.0,1,0.0,1500
62.3,33.622653117,72.955963858,0.0,1,0.0,1500
62.4,33.622653117,72.955963858,0.0,1,0.0,1500
62.5,33.622653117,72.955963858,0.0,1,0.0,1500
62.6,33.622653117,72.955963858,0.0,1,0.0,1500
62.7,33.622653117,72.955963858,0.0,1,0.0,1500
62.8,33.622653117,72.955963858,0.0,1,0.0,1500
62.9,33.622653117,72.955963858,0.0,1,0.0,1500
63.0,33.622653117,72.955963858,0.0,1,0.0,1500
63.1,33.622653117,72.955963858,0.0,1,0.0,1500
63.2,33.622653117,72.955963858,0.0,1,0.0,1500
63.3,33.622653117,72.955963858,0.0,1,0.0,1500
63.4,33.622653117,72.955963858,0.0,1,0.0,1500
63.5,33.622653117,72.955963858,0.0,1,0.0,1500
63.6,33.622653117,72.955963858,0.0,1,0.0,1500
63.7,33.622653117,72.955963858,0.0,1,0.0,1500
63.8,33.622653117,72.955963858,0.0,1,0.0,1500
63.9,33.622653117,72.955963858,0.0,1,0.0,1500
64.0,33.622653117,72.955963858,0.0,1,0.0,1500
64.1,33.622653117,72.955963858,0.0,1,0.0,1500
64.2,33.622653117,72.955963858,0.0,1,0.0,1500
64.3,33.622653117,72.955963858,0.0,1,0.0,1500
64.4,33.622653117,72.955963858,0.0,1,0.0,1500
64.5,33.622653117,72.955963858,0.0,1,0.0,1500
64.6,33.622653117,72.955963858,0.0,1,0.0,1500
64.7,33.622653117,72.955963858,0.0,1,0.0,1500
64.8,33.622653117,72.955963858,0.0,1,0.0,1500
64.9,33.622653117,72.955963858,0.0,1,0.0,1500
65.0,33.622653117,72.955963858,0.0,1,0.0,1500
65.1,33.622653117,72.955963858,0.0,1,0.0,1500
65.2,33.622653117,72.955963858,0.0,1,0.0,1500
65.3,33.622653117,72.955963858,0.0,1,0.0,1500
65.4,33.622653117,72.955963858,0.0,1,0.0,1500
65.5,33.622653117,72.955963858,0.0,1,0.0,1500
65.6,33.622653117,72.955963858,0.0,1,0.0,1500
65.7,33.622653117,72.955963858,0.0,1,0.0,1500
65.8,33.622653117,72.955963858,0.0,1,0.0,1500
65.9,33.622653117,72.955963858,0.0,1,0.0,1500
66.0,33.622653117,72.955963858,0.0,1,0.0,1500
66.1,33.622653117,72.955963858,0.0,1,0.0,1500
66.2,33.622653117,72.955963858,0.0,1,0.0,1500
66.3,33.622653117,72.955963858,0.0,1,0.0,1500
66.4,33.622653117,72.955963858,0.0,1,0.0,1500
66.5,33.622653117,72.955963858,0.0,1,0.0,1500
66.6,33.622653117,72.955963858,0.0,1,0.0,1500
66.7,33.622653117,72.955963858,0.0,1,0.0,1500
66.8,33.622653117,72.955963858,0.0,1,0.0,1500
66.9,33.622653117,72.955963858,0.0,1,0.0,1500
67.0,33.622653117,72.955963858,0.0,1,0.0,1500
67.1,33.622653117,72.955963858,0.0,1,0.0,1500
67.2,33.622653117,72.955963858,0.0,1,0.0,1500
67.3,33.622653117,72.955963858,0.0,1,0.0,1500
67.4,33.622653117,72.955963858,0.0,1,0.0,1500
67.5,33.622653117,72.955963858,0.0,1,0.0,1500
67.6,33.622653117,72.955963858,0.0,1,0.0,1500
67.7,33.622653117,72.955963858,0.0,1,0.0,1500
67.8,33.622653117,72.955963858,0.0,1,0.0,1500
67.9,33.622653117,72.955963858,0.0,1,0.0,1500
68.0,33.622653117,72.955963858,0.0,1,0.0,1500
68.1,33.622653117,72.955963858,0.0,1,0.0,1500
68.2,33.622653117,72.955963858,0.0,1,0.0,1500
68.3,33.622653117,72.955963858,0.0,1,0.0,1500
68.4,33.622653117,72.955963858,0.0,1,0.0,1500
68.5,33.622653117,72.955963858,0.0,1,0.0,1500
68.6,33.622653117,72.955963858,0.0,1,0.0,1500
68.7,33.622653117,72.955963858,0.0,1,0.0,1500
68.8,33.622653117,72.955963858,0.0,1,0.0,1500
68.9,33.622653117,72.955963858,0.0,1,0.0,1500
69.0,33.622653117,72.955963858,0.0,1,0.0,1500
69.1,33.622653117,72.955963858,0.0,1,0.0,1500
69.2,33.622653117,72.955963858,0.0,1,0.0,1500
69.3,33.622653117,72.955963858,0.0,1,0.0,1500
69.4,33.622653117,72.955963858,0.0,1,0.0,1500
69.5,33.622653117,72.955963858,0.0,1,0.0,1500
69.6,33.622653117,72.955963858,0.0,1,0.0,1500
69.7,33.622653117,72.955963858,0.0,1,0.0,1500
69.8,33.622653117,72.955963858,0.0,1,0.0,1500
69.9,33.622653117,72.955963858,0.0,1,0.0,1500
70.0,33.622653117,72.955963858,0.0,1,0.0,1500
70.1,33.622653117,72.955963858,0.0,1,0.0,1500
70.2,33.622653117,72.955963858,0.0,1,0.0,1500
70.3,33.622653117,72.955963858,0.0,1,0.0,1500
70.4,33.622653117,72.955963858,0.0,1,0.0,1500
70.5,33.622653117,72.955963858,0.0,1,0.0,1500
70.6,33.622653117,72.955963858,0.0,1,0.0,1500
70.7,33.622653117,72.955963858,0.0,1,0.0,1500
70.8,33.622653117,72.955963858,0.0,1,0.0,1500
70.9,33.622653117,72.955963858,0.0,1,0.0,1500
71.0,33.622653117,72.955963858,0.0,1,0.0,1500
71.1,33.622653117,72.955963858,0.0,1,0.0,1500
71.2,33.622653117,72.955963858,0.0,1,0.0,1500
71.3,33.622653117,72.955963858,0.0,1,0.0,1500
71.4,33.622653117,72.955963858,0.0,1,0.0,1500
71.5,33.622653117,72.955963858,0.0,1,0.0,1500
71.6,33.622653117,72.955963858,0.0,1,0.0,1500
71.7,33.622653117,72.955963858,0.0,1,0.0,1500
71.8,33.622653117,72.955963858,0.0,1,0.0,1500
71.9,33.622653117,72.955963858,0.0,1,0.0,1500
72.0,33.622653117,72.955963858,0.0,1,0.0,1500
72.1,33.622653117,72.955963858,0.0,1,0.0,1500
72.2,33.622653117,72.955963858,0.0,1,0.0,1500
72.3,33.622653117,72.955963858,0.0,1,0.0,1500
72.4,33.622653117,72.955963858,0.0,1,0.0,1500
72.5,33.622653117,72.955963858,0.0,1,0.0,1500
72.6,33.622653117,72.955963858,0.0,1,0.0,1500
72.7,33.622653117,72.955963858,0.0,1,0.0,1500
72.8,33.622653117,72.955963858,0.0,1,0.0,1500
72.9,33.622653117,72.955963858,0.0,1,0.0,1500
73.0,33.622653117,72.955963858,0.0,1,0.0,1500
73.1,33.622653117,72.955963858,0.0,1,0.0,1500
73.2,33.622653117,72.955963858,0.0,1,0.0,1500
73.3,33.622653117,72.955963858,0.0,1,0.0,1500
73.4,33.622653117,72.955963858,0.0,1,0.0,1500
73.5,33.622653117,72.955963858,0.0,1,0.0,1500
73.6,33.622653117,72.955963858,0.0,1,0.0,1500
73.7,33.622653117,72.955963858,0.0,1,0.0,1500
73.8,33.622653117,72.955963858,0.0,1,0.0,1500
73.9,33.622653117,72.955963858,0.0,1,0.0,1500
74.0,33.622653117,72.955963858,0.0,1,0.0,1500
74.1,33.622653117,72.955963858,0.0,1,0.0,1500
74.2,33.622653117,72.955963858,0.0,1,0.0,1500
74.3,33.622653117,72.955963858,0.0,1,0.0,1500
74.4,33.622653117,72.955963858,0.0,1,0.0,1500
74.5,33.622653117,72.955963858,0.0,1,0.0,1500
74.6,33.622653117,72.955963858,0.0,1,0.0,1500
74.7,33.622653117,72.955963858,0.0,1,0.0,1500
74.8,33.622653117,72.955963858,0.0,1,0.0,1500
74.9,33.622653117,72.955963858,0.0,1,0.0,1500
75.0,33.622653117,72.955963858,0.0,1,0.0,1500
75.1,33.622653117,72.955963858,0.0,1,0.0,1500
75.2,33.622653117,72.955963858,0.0,1,0.0,1500
75.3,33.622653117,72.955963858,0.0,1,0.0,1500
75.4,33.622653117,72.955963858,0.0,1,0.0,1500
75.5,33.622653117,72.955963858,0.0,1,0.0,1500
75.6,33.622653117,72.955963858,0.0,1,0.0,1500
75.7,33.622653117,72.955963858,0.0,1,0.0,1500
75.8,33.622653117,72.955963858,0.0,1,0.0,1500
75.9,33.622653117,72.955963858,0.0,1,0.0,1500
76.0,33.622653117,72.955963858,0.0,1,0.0,1500
76.1,33.622653117,72.955963858,0.0,1,0.0,1500
76.2,33.622653117,72.955963858,0.0,1,0.0,1500
76.3,33.622653117,72.955963858,0.0,1,0.0,1500
76.4,33.622653117,72.955963858,0.0,1,0.0,1500
76.5,33.622653117,72.955963858,0.0,1,0.0,1500
76.6,33.622653117,72.955963858,0.0,1,0.0,1500
76.7,33.622653117,72.955963858,0.0,1,0.0,1500
76.8,33.622653117,72.955963858,0.0,1,0.0,1500
76.9,33.622653117,72.955963858,0.0,1,0.0,1500
77.0,33.622653117,72.955963858,0.0,1,0.0,1500
77.1,33.622653117,72.955963858,0.0,1,0.0,1500
77.2,33.622653117,72.955963858,0.0,1,0.0,1500
77.3,33.622653117,72.955963858,0.0,1,0.0,1500
77.4,33.622653117,72.955963858,0.0,1,0.0,1500
77.5,33.622653117,72.955963858,0.0,1,0.0,1500
77.6,33.622653117,72.955963858,0.0,1,0.0,1500
77.7,33.622653117,72.955963858,0.0,1,0.0,1500
77.8,33.622653117,72.955963858,0.0,1,0.0,1500
77.9,33.622653117,72.955963858,0.0,1,0.0,1500
78.0,33.622653117,72.955963858,0.0,1,0.0,1500
78.1,33.622653117,72.955963858,0.0,1,0.0,1500
78.2,33.622653117,72.955963858,0.0,1,0.0,1500
78.3,33.622653117,72.955963858,0.0,1,0.0,1500
78.4,33.622653117,72.955963858,0.0,1,0.0,1500
78.5,33.622653117,72.955963858,0.0,1,0.0,1500
78.6,33.622653117,72.955963858,0.0,1,0.0,1500
78.7,33.622653117,72.955963858,0.0,1,0.0,1500
78.8,33.622653117,72.955963858,0.0,1,0.0,1500
78.9,33.622653117,72.955963858,0.0,1,0.0,1500
79.0,33.622653117,72.955963858,0.0,1,0.0,1500
79.1,33.622653117,72.955963858,0.0,1,0.0,1500
79.2,33.622653117,72.955963858,0.0,1,0.0,1500
79.3,33.622653117,72.955963858,0.0,1,0.0,1500
79.4,33.622653117,72.955963858,0.0,1,0.0,1500
79.5,33.622653117,72.955963858,0.0,1,0.0,1500
79.6,33.622653117,72.955963858,0.0,1,0.0,1500
79.7,33.622653117,72.955963858,0.0,1,0.0,1500
79.8,33.622653117,72.955963858,0.0,1,0.0,1500
79.9,33.622653117,72.955963858,0.0,1,0.0,1500
80.0,33.622653117,72.955963858,0.0,1,0.0,1500
80.1,33.622653117,72.955963858,0.0,1,0.0,1500
80.2,33.622653117,72.955963858,0.0,1,0.0,1500
80.3,33.622653117,72.955963858,0.0,1,0.0,1500
80.4,33.622653117,72.955963858,0.0,1,0.0,1500
80.5,33.622653117,72.955963858,0.0,1,0.0,1500
80.6,33.622653117,72.955963858,0.0,1,0.0,1500
80.7,33.622653117,72.955963858,0.0,1,0.0,1500
80.8,33.622653117,72.955963858,0.0,1,0.0,1500
80.9,33.622653117,72.955963858,0.0,1,0.0,1500
81.0,33.622653117,72.955963858,0.0,1,0.0,1500
81.1,33.622653117,72.955963858,0.0,1,0.0,1500
81.2,33.622653117,72.955963858,0.0,1,0.0,1500
81.3,33.622653117,72.955963858,0.0,1,0.0,1500
81.4,33.622653117,72.955963858,0.0,1,0.0,1500
81.5,33.622653117,72.955963858,0.0,1,0.0,1500
81.6,33.622653117,72.955963858,0.0,1,0.0,1500
81.7,33.622653117,72.955963858,0.0,1,0.0,1500
81.8,33.622653117,72.955963858,0.0,1,0.0,1500
81.9,33.622653117,72.955963858,0.0,1,0.0,1500
82.0,33.622653117,72.955963858,0.0,1,0.0,1500
82.1,33.622653117,72.955963858,0.0,1,0.0,1500
82.2,33.622653117,72.955963858,0.0,1,0.0,1500
82.3,33.622653117,72.955963858,0.0,1,0.0,1500
82.4,33.622653117,72.955963858,0.0,1,0.0,1500
82.5,33.622653117,72.955963858,0.0,1,0.0,1500
82.6,33.622653117,72.955963858,0.0,1,0.0,1500
82.7,33.622653117,72.955963858,0.0,1,0.0,1500
82.8,33.622653117,72.955963858,0.0,1,0.0,1500
82.9,33.622653117,72.955963858,0.0,1,0.0,1500
83.0,33.622653117,72.955963858,0.0,1,0.0,1500
83.1,33.622653117,72.955963858,0.0,1,0.0,1500
83.2,33.622653117,72.955963858,0.0,1,0.0,1500
83.3,33.622653117,72.955963858,0.0,1,0.0,1500
83.4,33.622653117,72.955963858,0.0,1,0.0,1500
83.5,33.622653117,72.955963858,0.0,1,0.0,1500
83.6,33.622653117,72.955963858,0.0,1,0.0,1500
83.7,33.622653117,72.955963858,0.0,1,0.0,1500
83.8,33.622653117,72.955963858,0.0,1,0.0,1500
83.9,33.622653117,72.955963858,0.0,1,0.0,1500
84.0,33.622653117,72.955963858,0.0,1,0.0,1500
84.1,33.622653117,72.955963858,0.0,1,0.0,1500
84.2,33.622653117,72.955963858,0.0,1,0.0,1500
84.3,33.622653117,72.955963858,0.0,1,0.0,1500
84.4,33.622653117,72.955963858,0.0,1,0.0,1500
84.5,33.622653117,72.955963858,0.0,1,0.0,1500
84.6,33.622653117,72.955963858,0.0,1,0.0,1500
84.7,33.622653117,72.955963858,0.0,1,0.0,1500
84.8,33.622653117,72.955963858,0.0,1,0.0,1500
84.9,33.622653117,72.955963858,0.0,1,0.0,1500
85.0,33.622653117,72.955963858,0.0,1,0.0,1500
85.1,33.622653117,72.955963858,0.0,1,0.0,1500
85.2,33.622653117,72.955963858,0.0,1,0.0,1500
85.3,33.622653117,72.955963858,0.0,1,0.0,1500
85.4,33.622653117,72.955963858,0.0,1,0.0,1500
85.5,33.622653117,72.955963858,0.0,1,0.0,1500
85.6,33.622653117,72.955963858,0.0,1,0.0,1500
85.7,33.622653117,72.955963858,0.0,1,0.0,1500
85.8,33.622653117,72.955963858,0.0,1,0.0,1500
85.9,33.622653117,72.955963858,0.0,1,0.0,1500
86.0,33.622653117,72.955963858,0.0,1,0.0,1500
86.1,33.622653117,72.955963858,0.0,1,0.0,1500
86.2,33.622653117,72.955963858,0.0,1,0.0,1500
86.3,33.622653117,72.955963858,0.0,1,0.0,1500
86.4,33.622653117,72.955963858,0.0,1,0.0,1500
86.5,33.622653117,72.955963858,0.0,1,0.0,1500
86.6,33.622653117,72.955963858,0.0,1,0.0,1500
86.7,33.622653117,72.955963858,0.0,1,0.0,1500
86.8,33.622653117,72.955963858,0.0,1,0.0,1500
86.9,33.622653117,72.955963858,0.0,1,0.0,1500
87.0,33.622653117,72.955963858,0.0,1,0.0,1500
87.1,33.622653117,72.955963858,0.0,1,0.0,1500
87.2,33.622653117,72.955963858,0.0,1,0.0,1500
87.3,33.622653117,72.955963858,0.0,1,0.0,1500
87.4,33.622653117,72.955963858,0.0,1,0.0,1500
87.5,33.622653117,72.955963858,0.0,1,0.0,1500
87.6,33.622653117,72.955963858,0.0,1,0.0,1500
87.7,33.622653117,72.955963858,0.0,1,0.0,1500
87.8,33.622653117,72.955963858,0.0,1,0.0,1500
87.9,33.622653117,72.955963858,0.0,1,0.0,1500
88.0,33.622653117,72.955963858,0.0,1,0.0,1500
88.1,33.622653117,72.955963858,0.0,1,0.0,1500
88.2,33.622653117,72.955963858,0.0,1,0.0,1500
88.3,33.622653117,72.955963858,0.0,1,0.0,1500
88.4,33.622653117,72.955963858,0.0,1,0.0,1500
88.5,33.622653117,72.955963858,0.0,1,0.0,1500
88.6,33.622653117,72.955963858,0.0,1,0.0,1500
88.7,33.622653117,72.955963858,0.0,1,0.0,1500
88.8,33.622653117,72.955963858,0.0,1,0.0,1500
88.9,33.622653117,72.955963858,0.0,1,0.0,1500
89.0,33.622653117,72.955963858,0.0,1,0.0,1500
89.1,33.622653117,72.955963858,0.0,1,0.0,1500
89.2,33.622653117,72.955963858,0.0,1,0.0,1500
89.3,33.622653117,72.955963858,0.0,1,0.0,1500
89.4,33.622653117,72.955963858,0.0,1,0.0,1500
89.5,33.622653117,72.955963858,0.0,1,0.0,1500
89.6,33.622653117,72.955963858,0.0,1,0.0,1500
89.7,33.622653117,72.955963858,0.0,1,0.0,1500
89.8,33.622653117,72.955963858,0.0,1,0.0,1500
89.9,33.622653117,72.955963858,0.0,1,0.0,1500
90.0,33.622653117,72.955963858,0.0,1,0.0,1500
90.1,33.622653117,72.955963858,0.0,1,0.0,1500
90.2,33.622653117,72.955963858,0.0,1,0.0,1500
90.3,33.622653117,72.955963858,0.0,1,0.0,1500
90.4,33.622653117,72.955963858,0.0,1,0.0,1500
90.5,33.622653117,72.955963858,0.0,1,0.0,1500
90.6,33.622653117,72.955963858,0.0,1,0.0,1500
90.7,33.622653117,72.955963858,0.0,1,0.0,1500
90.8,33.622653117,72.955963858,0.0,1,0.0,1500
90.9,33.622653117,72.955963858,0.0,1,0.0,1500
91.0,33.622653117,72.955963858,0.0,1,0.0,1500
91.1,33.622653117,72.955963858,0.0,1,0.0,1500
91.2,33.622653117,72.955963858,0.0,1,0.0,1500
91.3,33.622653117,72.955963858,0.0,1,0.0,1500
91.4,33.622653117,72.955963858,0.0,1,0.0,1500
91.5,33.622653117,72.955963858,0.0,1,0.0,1500
91.6,33.622653117,72.955963858,0.0,1,0.0,1500
91.7,33.622653117,72.955963858,0.0,1,0.0,1500
91.8,33.622653117,72.955963858,0.0,1,0.0,1500
91.9,33.622653117,72.955963858,0.0,1,0.0,1500
92.0,33.622653117,72.955963858,0.0,1,0.0,1500
92.1,33.622653117,72.955963858,0.0,1,0.0,1500
92.2,33.622653117,72.955963858,0.0,1,0.0,1500
92.3,33.622653117,72.955963858,0.0,1,0.0,1500
92.4,33.622653117,72.955963858,0.0,1,0.0,1500
92.5,33.622653117,72.955963858,0.0,1,0.0,1500
92.6,33.622653117,72.955963858,0.0,1,0.0,1500
92.7,33.622653117,72.955963858,0.0,1,0.0,1500
92.8,33.622653117,72.955963858,0.0,1,0.0,1500
92.9,33.622653117,72.955963858,0.0,1,0.0,1500
93.0,33.622653117,72.955963858,0.0,1,0.0,1500
93.1,33.622653117,72.955963858,0.0,1,0.0,1500
93.2,33.622653117,72.955963858,0.0,1,0.0,1500
93.3,33.622653117,72.955963858,0.0,1,0.0,1500
93.4,33.622653117,72.955963858,0.0,1,0.0,1500
93.5,33.622653117,72.955963858,0.0,1,0.0,1500
93.6,33.622653117,72.955963858,0.0,1,0.0,1500
93.7,33.622653117,72.955963858,0.0,1,0.0,1500
93.8,33.622653117,72.955963858,0.0,1,0.0,1500
93.9,33.622653117,72.955963858,0.0,1,0.0,1500
94.0,33.622653117,72.955963858,0.0,1,0.0,1500
94.1,33.622653117,72.955963858,0.0,1,0.0,1500
94.2,33.622653117,72.955963858,0.0,1,0.0,1500
94.3,33.622653117,72.955963858,0.0,1,0.0,1500
94.4,33.622653117,72.955963858,0.0,1,0.0,1500
94.5,33.622653117,72.955963858,0.0,1,0.0,1500
94.6,33.622653117,72.955963858,0.0,1,0.0,1500
94.7,33.622653117,72.955963858,0.0,1,0.0,1500
94.8,33.622653117,72.955963858,0.0,1,0.0,1500
94.9,33.622653117,72.955963858,0.0,1,0.0,1500
95.0,33.622653117,72.955963858,0.0,1,0.0,1500
95.1,33.622653117,72.955963858,0.0,1,0.0,1500
95.2,33.622653117,72.955963858,0.0,1,0.0,1500
95.3,33.622653117,72.955963858,0.0,1,0.0,1500
95.4,33.622653117,72.955963858,0.0,1,0.0,1500
95.5,33.622653117,72.955963858,0.0,1,0.0,1500
95.6,33.622653117,72.955963858,0.0,1,0.0,1500
95.7,33.622653117,72.955963858,0.0,1,0.0,1500
95.8,33.622653117,72.955963858,0.0,1,0.0,1500
95.9,33.622653117,72.955963858,0.0,1,0.0,1500
96.0,33.622653117,72.955963858,0.0,1,0.0,1500
96.1,33.622653117,72.955963858,0.0,1,0.0,1500
96.2,33.622653117,72.955963858,0.0,1,0.0,1500
96.3,33.622653117,72.955963858,0.0,1,0.0,1500
96.4,33.622653117,72.955963858,0.0,1,0.0,1500
96.5,33.622653117,72.955963858,0.0,1,0.0,1500
96.6,33.622653117,72.955963858,0.0,1,0.0,1500
96.7,33.622653117,72.955963858,0.0,1,0.0,1500
96.8,33.622653117,72.955963858,0.0,1,0.0,1500
96.9,33.622653117,72.955963858,0.0,1,0.0,1500
97.0,33.622653117,72.955963858,0.0,1,0.0,1500
97.1,33.622653117,72.955963858,0.0,1,0.0,1500
97.2,33.622653117,72.955963858,0.0,1,0.0,1500
97.3,33.622653117,72.955963858,0.0,1,0.0,1500
97.4,33.622653117,72.955963858,0.0,1,0.0,1500
97.5,33.622653117,72.955963858,0.0,1,0.0,1500
97.6,33.622653117,72.955963858,0.0,1,0.0,1500
97.7,33.622653117,72.955963858,0.0,1,0.0,1500
97.8,33.622653117,72.955963858,0.0,1,0.0,1500
97.9,33.622653117,72.955963858,0.0,1,0.0,1500
98.0,33.622653117,72.955963858,0.0,1,0.0,1500
98.1,33.622653117,72.955963858,0.0,1,0.0,1500
98.2,33.622653117,72.955963858,0.0,1,0.0,1500
98.3,33.622653117,72.955963858,0.0,1,0.0,1500
98.4,33.622653117,72.955963858,0.0,1,0.0,1500
98.5,33.622653117,72.955963858,0.0,1,0.0,1500
98.6,33.622653117,72.955963858,0.0,1,0.0,1500
98.7,33.622653117,72.955963858,0.0,1,0.0,1500
98.8,33.622653117,72.955963858,0.0,1,0.0,1500
98.9,33.622653117,72.955963858,0.0,1,0.0,1500
99.0,33.622653117,72.955963858,0.0,1,0.0,1500
99.1,33.622653117,72.955963858,0.0,1,0.0,1500
99.2,33.622653117,72.955963858,0.0,1,0.0,1500
99.3,33.622653117,72.955963858,0.0,1,0.0,1500
99.4,33.622653117,72.955963858,0.0,1,0.0,1500
99.5,33.622653117,72.955963858,0.0,1,0.0,1500
99.6,33.622653117,72.955963858,0.0,1,0.0,1500
99.7,33.622653117,72.955963858,0.0,1,0.0,1500
99.8,33.622653117,72.955963858,0.0,1,0.0,1500
99.9,33.622653117,72.955963858,0.0,1,0.0,1500
100.0,33.622653117,72.955963858,0.0,1,0.0,1500
100.1,33.622653117,72.955963858,0.0,1,0.0,1500
100.2,33.622653117,72.955963858,0.0,1,0.0,1500
100.3,33.622653117,72.955963858,0.0,1,0.0,1500
100.4,33.622653117,72.955963858,0.0,1,0.0,1500
100.5,33.622653117,72.955963858,0.0,1,0.0,1500
100.6,33.622653117,72.955963858,0.0,1,0.0,1500
100.7,33.622653117,72.955963858,0.0,1,0.0,1500
100.8,33.622653117,72.955963858,0.0,1,0.0,1500
100.9,33.622653117,72.955963858,0.0,1,0.0,1500
101.0,33.622653117,72.955963858,0.0,1,0.0,1500
101.1,33.622653117,72.955963858,0.0,1,0.0,1500
101.2,33.622653117,72.955963858,0.0,1,0.0,1500
101.3,33.622653117,72.955963858,0.0,1,0.0,1500
101.4,33.622653117,72.955963858,0.0,1,0.0,1500
101.5,33.622653117,72.955963858,0.0,1,0.0,1500
101.6,33.622653117,72.955963858,0.0,1,0.0,1500
101.7,33.622653117,72.955963858,0.0,1,0.0,1500
101.8,33.622653117,72.955963858,0.0,1,0.0,1500
101.9,33.622653117,72.955963858,0.0,1,0.0,1500
102.0,33.622653117,72.955963858,0.0,1,0.0,1500
102.1,33.622653117,72.955963858,0.0,1,0.0,1500
102.2,33.622653117,72.955963858,0.0,1,0.0,1500
102.3,33.622653117,72.955963858,0.0,1,0.0,1500
102.4,33.622653117,72.955963858,0.0,1,0.0,1500
102.5,33.622653117,72.955963858,0.0,1,0.0,1500
102.6,33.622653117,72.955963858,0.0,1,0.0,1500
102.7,33.622653117,72.955963858,0.0,1,0.0,1500
102.8,33.622653117,72.955963858,0.0,1,0.0,1500
102.9,33.622653117,72.955963858,0.0,1,0.0,1500
103.0,33.622653117,72.955963858,0.0,1,0.0,1500
103.1,33.622653117,72.955963858,0.0,1,0.0,1500
103.2,33.622653117,72.955963858,0.0,1,0.0,1500
103.3,33.622653117,72.955963858,0.0,1,0.0,1500
103.4,33.622653117,72.955963858,0.0,1,0.0,1500
103.5,33.622653117,72.955963858,0.0,1,0.0,1500
103.6,33.622653117,72.955963858,0.0,1,0.0,1500
103.7,33.622653117,72.955963858,0.0,1,0.0,1500
103.8,33.622653117,72.955963858,0.0,1,0.0,1500
103.9,33.622653117,72.955963858,0.0,1,0.0,1500
104.0,33.622653117,72.955963858,0.0,1,0.0,1500
104.1,33.622653117,72.955963858,0.0,1,0.0,1500
104.2,33.622653117,72.955963858,0.0,1,0.0,1500
104.3,33.622653117,72.955963858,0.0,1,0.0,1500
104.4,33.622653117,72.955963858,0.0,1,0.0,1500
104.5,33.622653117,72.955963858,0.0,1,0.0,1500
104.6,33.622653117,72.955963858,0.0,1,0.0,1500
104.7,33.622653117,72.955963858,0.0,1,0.0,1500
104.8,33.622653117,72.955963858,0.0,1,0.0,1500
104.9,33.622653117,72.955963858,0.0,1,0.0,1500
105.0,33.622653117,72.955963858,0.0,1,0.0,1500
105.1,33.622653117,72.955963858,0.0,1,0.0,1500
105.2,33.622653117,72.955963858,0.0,1,0.0,1500
105.3,33.622653117,72.955963858,0.0,1,0.0,1500
105.4,33.622653117,72.955963858,0.0,1,0.0,1500
105.5,33.622653117,72.955963858,0.0,1,0.0,1500
105.6,33.622653117,72.955963858,0.0,1,0.0,1500
105.7,33.622653117,72.955963858,0.0,1,0.0,1500
105.8,33.622653117,72.955963858,0.0,1,0.0,1500
105.9,33.622653117,72.955963858,0.0,1,0.0,1500
106.0,33.622653117,72.955963858,0.0,1,0.0,1500
106.1,33.622653117,72.955963858,0.0,1,0.0,1500
106.2,33.622653117,72.955963858,0.0,1,0.0,1500
106.3,33.622653117,72.955963858,0.0,1,0.0,1500
106.4,33.622653117,72.955963858,0.0,1,0.0,1500
106.5,33.622653117,72.955963858,0.0,1,0.0,1500
106.6,33.622653117,72.955963858,0.0,1,0.0,1500
106.7,33.622653117,72.955963858,0.0,1,0.0,1500
106.8,33.622653117,72.955963858,0.0,1,0.0,1500
106.9,33.622653117,72.955963858,0.0,1,0.0,1500
107.0,33.622653117,72.955963858,0.0,1,0.0,1500
107.1,33.622653117,72.955963858,0.0,1,0.0,1500
107.2,33.622653117,72.955963858,0.0,1,0.0,1500
107.3,33.622653117,72.955963858,0.0,1,0.0,1500
107.4,33.622653117,72.955963858,0.0,1,0.0,1500
107.5,33.622653117,72.955963858,0.0,1,0.0,1500
107.6,33.622653117,72.955963858,0.0,1,0.0,1500
107.7,33.622653117,72.955963858,0.0,1,0.0,1500
107.8,33.622653117,72.955963858,0.0,1,0.0,1500
107.9,33.622653117,72.955963858,0.0,1,0.0,1500
108.0,33.622653117,72.955963858,0.0,1,0.0,1500
108.1,33.622653117,72.955963858,0.0,1,0.0,1500
108.2,33.622653117,72.955963858,0.0,1,0.0,1500
108.3,33.622653117,72.955963858,0.0,1,0.0,1500
108.4,33.622653117,72.955963858,0.0,1,0.0,1500
108.5,33.622653117,72.955963858,0.0,1,0.0,1500
108.6,33.622653117,72.955963858,0.0,1,0.0,1500
108.7,33.622653117,72.955963858,0.0,1,0.0,1500
108.8,33.622653117,72.955963858,0.0,1,0.0,1500
108.9,33.622653117,72.955963858,0.0,1,0.0,1500
109.0,33.622653117,72.955963858,0.0,1,0.0,1500
109.1,33.622653117,72.955963858,0.0,1,0.0,1500
109.2,33.622653117,72.955963858,0.0,1,0.0,1500
109.3,33.622653117,72.955963858,0.0,1,0.0,1500
109.4,33.622653117,72.955963858,0.0,1,0.0,1500
109.5,33.622653117,72.955963858,0.0,1,0.0,1500
109.6,33.622653117,72.955963858,0.0,1,0.0,1500
109.7,33.622653117,72.955963858,0.0,1,0.0,1500
109.8,33.622653117,72.955963858,0.0,1,0.0,1500
109.9,33.622653117,72.955963858,0.0,1,0.0,1500
110.0,33.622653117,72.955963858,0.0,1,0.0,1500
110.1,33.622653117,72.955963858,0.0,1,0.0,1500
110.2,33.622653117,72.955963858,0.0,1,0.0,1500
110.3,33.622653117,72.955963858,0.0,1,0.0,1500
110.4,33.622653117,72.955963858,0.0,1,0.0,1500
110.5,33.622653117,72.955963858,0.0,1,0.0,1500
110.6,33.622653117,72.955963858,0.0,1,0.0,1500
110.7,33.622653117,72.955963858,0.0,1,0.0,1500
110.8,33.622653117,72.955963858,0.0,1,0.0,1500
110.9,33.622653117,72.955963858,0.0,1,0.0,1500
111.0,33.622653117,72.955963858,0.0,1,0.0,1500
111.1,33.622653117,72.955963858,0.0,1,0.0,1500
111.2,33.622653117,72.955963858,0.0,1,0.0,1500
111.3,33.622653117,72.955963858,0.0,1,0.0,1500
111.4,33.622653117,72.955963858,0.0,1,0.0,1500
111.5,33.622653117,72.955963858,0.0,1,0.0,1500
111.6,33.622653117,72.955963858,0.0,1,0.0,1500
111.7,33.622653117,72.955963858,0.0,1,0.0,1500
111.8,33.622653117,72.955963858,0.0,1,0.0,1500
111.9,33.622653117,72.955963858,0.0,1,0.0,1500
112.0,33.622653117,72.955963858,0.0,1,0.0,1500
112.1,33.622653117,72.955963858,0.0,1,0.0,1500
112.2,33.622653117,72.955963858,0.0,1,0.0,1500
112.3,33.622653117,72.955963858,0.0,1,0.0,1500
112.4,33.622653117,72.955963858,0.0,1,0.0,1500
112.5,33.622653117,72.955963858,0.0,1,0.0,1500
112.6,33.622653117,72.955963858,0.0,1,0.0,1500
112.7,33.622653117,72.955963858,0.0,1,0.0,1500
112.8,33.622653117,72.955963858,0.0,1,0.0,1500
112.9,33.622653117,72.955963858,0.0,1,0.0,1500
113.0,33.622653117,72.955963858,0.0,1,0.0,1500
113.1,33.622653117,72.955963858,0.0,1,0.0,1500
113.2,33.622653117,72.955963858,0.0,1,0.0,1500
113.3,33.622653117,72.955963858,0.0,1,0.0,1500
113.4,33.622653117,72.955963858,0.0,1,0.0,1500
113.5,33.622653117,72.955963858,0.0,1,0.0,1500
113.6,33.622653117,72.955963858,0.0,1,0.0,1500
113.7,33.622653117,72.955963858,0.0,1,0.0,1500
113.8,33.622653117,72.955963858,0.0,1,0.0,1500
113.9,33.622653117,72.955963858,0.0,1,0.0,1500
114.0,33.622653117,72.955963858,0.0,1,0.0,1500
114.1,33.622653117,72.955963858,0.0,1,0.0,1500
114.2,33.622653117,72.955963858,0.0,1,0.0,1500
114.3,33.622653117,72.955963858,0.0,1,0.0,1500
114.4,33.622653117,72.955963858,0.0,1,0.0,1500
114.5,33.622653117,72.955963858,0.0,1,0.0,1500
114.6,33.622653117,72.955963858,0.0,1,0.0,1500
114.7,33.622653117,72.955963858,0.0,1,0.0,1500
114.8,33.622653117,72.955963858,0.0,1,0.0,1500
114.9,33.622653117,72.955963858,0.0,1,0.0,1500
115.0,33.622653117,72.955963858,0.0,1,0.0,1500
115.1,33.622653117,72.955963858,0.0,1,0.0,1500
115.2,33.622653117,72.955963858,0.0,1,0.0,1500
115.3,33.622653117,72.955963858,0.0,1,0.0,1500
115.4,33.622653117,72.955963858,0.0,1,0.0,1500
115.5,33.622653117,72.955963858,0.0,1,0.0,1500
115.6,33.622653117,72.955963858,0.0,1,0.0,1500
115.7,33.622653117,72.955963858,0.0,1,0.0,1500
115.8,33.622653117,72.955963858,0.0,1,0.0,1500
115.9,33.622653117,72.955963858,0.0,1,0.0,1500
116.0,33.622653117,72.955963858,0.0,1,0.0,1500
116.1,33.622653117,72.955963858,0.0,1,0.0,1500
116.2,33.622653117,72.955963858,0.0,1,0.0,1500
116.3,33.622653117,72.955963858,0.0,1,0.0,1500
116.4,33.622653117,72.955963858,0.0,1,0.0,1500
116.5,33.622653117,72.955963858,0.0,1,0.0,1500
116.6,33.622653117,72.955963858,0.0,1,0.0,1500
116.7,33.622653117,72.955963858,0.0,1,0.0,1500
116.8,33.622653117,72.955963858,0.0,1,0.0,1500
116.9,33.622653117,72.955963858,0.0,1,0.0,1500
117.0,33.622653117,72.955963858,0.0,1,0.0,1500
117.1,33.622653117,72.955963858,0.0,1,0.0,1500
117.2,33.622653117,72.955963858,0.0,1,0.0,1500
117.3,33.622653117,72.955963858,0.0,1,0.0,1500
117.4,33.622653117,72.955963858,0.0,1,0.0,1500
117.5,33.622653117,72.955963858,0.0,1,0.0,1500
117.6,33.622653117,72.955963858,0.0,1,0.0,1500
117.7,33.622653117,72.955963858,0.0,1,0.0,1500
117.8,33.622653117,72.955963858,0.0,1,0.0,1500
117.9,33.622653117,72.955963858,0.0,1,0.0,1500
118.0,33.622653117,72.955963858,0.0,1,0.0,1500
118.1,33.622653117,72.955963858,0.0,1,0.0,1500
118.2,33.622653117,72.955963858,0.0,1,0.0,1500
118.3,33.622653117,72.955963858,0.0,1,0.0,1500
118.4,33.622653117,72.955963858,0.0,1,0.0,1500
118.5,33.622653117,72.955963858,0.0,1,0.0,1500
118.6,33.622653117,72.955963858,0.0,1,0.0,1500
118.7,33.622653117,72.955963858,0.0,1,0.0,1500
118.8,33.622653117,72.955963858,0.0,1,0.0,1500
118.9,33.622653117,72.955963858,0.0,1,0.0,1500
119.0,33.622653117,72.955963858,0.0,1,0.0,1500
119.1,33.622653117,72.955963858,0.0,1,0.0,1500
119.2,33.622653117,72.955963858,0.0,1,0.0,1500
119.3,33.622653117,72.955963858,0.0,1,0.0,1500
119.4,33.622653117,72.955963858,0.0,1,0.0,1500
119.5,33.622653117,72.955963858,0.0,1,0.0,1500
119.6,33.622653117,72.955963858,0.0,1,0.0,1500
119.7,33.622653117,72.955963858,0.0,1,0.0,1500
119.8,33.622653117,72.955963858,0.0,1,0.0,1500
119.9,33.622653117,72.955963858,0.0,1,0.0,1500
120.0,33.622653117,72.955963858,0.0,1,0.0,1500
120.1,33.622653117,72.955963858,0.0,1,0.0,1500
