Time,Kappa_L1,Alpha_L1,Gamma_L1,Fx_L1   ,Fy_L1   ,Fz_L1   ,Mx_L1   ,Mz_L1   
            0, 6.161656529e-06, 0.20113389194, 0.148477032781, -262.881103516, -235.610733032, 5563.88769531, -6.4990568161, 6.83159303665
        0.001, 0.00161549833138, 0.206450968981, 0.148750156164, -265.301330566,  -235.3984375, 5548.96728516, -6.73433160782,  6.8582906723
        0.002, 0.0030576097779, 0.210651099682, 0.149263635278, -263.045288086, -234.952224731, 5526.37255859, -7.12449932098, 6.82900762558
        0.003, 0.00430118804798, 0.213934630156, 0.149975821376, -259.057922363, -234.428375244, 5501.60888672, -7.55926084518, 6.75217676163
        0.004, 0.00533159729093, 0.216505259275,  0.1508461833, -251.392181396, -234.036392212, 5481.30078125, -7.98177194595, 6.67303371429
        0.005, 0.00615694839507, 0.218555420637, 0.151844859123, -237.598449707, -233.751098633, 5468.50048828, -8.34774303436,  6.5885515213
        0.006, 0.00680155912414, 0.22025065124, 0.152951434255, -215.914901733, -233.721603394, 5464.80664062, -8.57496738434, 6.53812265396
        0.007, 0.00729556428269, 0.221705079079, 0.154153063893, -185.785140991, -233.963790894, 5467.35644531, -8.67828559875, 6.49796056747
        0.008, 0.00766748609021, 0.222998186946, 0.15544128418, -148.367416382, -234.504501343, 5472.07470703, -8.59973049164, 6.46730041504
        0.009, 0.0079392855987, 0.22414650023, 0.156809478998, -106.733474731, -235.366790771, 5473.65332031, -8.37051391602,  6.4454369545
         0.01, 0.00812079571187, 0.225135460496, 0.158249437809, -63.8992576599, -236.499969482, 5467.21728516, -7.99700021744, 6.43271827698
        0.011, 0.00820900220424, 0.225905671716, 0.159749478102, -23.4941082001, -237.76612854, 5451.18017578, -7.53608798981,  6.4300532341
        0.012, 0.00819031056017, 0.226394206285, 0.161293894053, 11.6143550873, -239.21043396, 5425.23535156, -7.03847980499, 6.42245388031
        0.013, 0.00804609339684, 0.226558610797, 0.162863895297, 39.3663864136, -240.667327881, 5393.12841797, -6.49051904678, 6.41398191452
        0.014, 0.00776045769453, 0.226381987333, 0.164439707994,  58.640953064, -242.056304932,   5358.765625, -5.90905427933, 6.39676570892
        0.015, 0.00732484553009, 0.225901857018, 0.166002631187, 70.5586853027, -243.375900269, 5326.83007812, -5.37603855133, 6.37733459473
        0.016, 0.00674179708585, 0.22517734766, 0.167537495494, 76.6628723145, -244.498077393, 5301.20507812, -4.93368196487, 6.34800434113
        0.017, 0.00602700794116, 0.224300414324, 0.169034004211, 79.6797943115, -245.377059937, 5282.85058594, -4.61875391006,  6.3130364418
        0.018, 0.00520872836933, 0.223356679082, 0.170486807823, 81.5937423706, -245.952941895, 5272.20214844, -4.43607711792, 6.26896572113
        0.019, 0.00432610604912, 0.22240883112, 0.171894818544, 83.8662872314, -246.232345581, 5265.74414062, -4.38177251816, 6.22647333145
         0.02, 0.00342314015143, 0.221492052078, 0.173258647323, 87.3364334106, -246.24786377,    5260.59375, -4.49883842468,  6.2086224556
        0.021, 0.00254290667363, 0.22058981657, 0.174579024315, 91.2888259888, -245.980941772, 5252.66748047, -4.76799631119, 6.22399282455
        0.022, 0.00172266364098, 0.21966560185, 0.175854191184, 94.7008209229, -245.47618103, 5239.10791016, -5.15231704712, 6.27099370956
        0.023, 0.000988994725049, 0.218660324812, 0.177079617977, 95.6419372559, -244.853500366, 5219.50390625, -5.61432790756, 6.34547376633
        0.024, 0.000356194534106, 0.217529013753, 0.178248122334, 92.5842056274, -244.187240601, 5193.79248047, -6.07622385025, 6.42505693436
        0.025, -0.000173073378392, 0.216256275773, 0.179351106286, 84.3740615845, -243.526687622, 5165.75097656, -6.47676372528, 6.48733091354
        0.026, -0.00060690077953, 0.214854180813, 0.180380955338, 70.8225021362, -242.875213623, 5137.69189453, -6.75475263596, 6.51412010193
        0.027, -0.000960169418249, 0.213384717703, 0.181332305074, 52.9064598083, -242.275817871, 5113.66455078, -6.89159631729, 6.48712873459
        0.028, -0.00125008262694, 0.211914628744, 0.182203993201, 31.8988380432, -241.839874268, 5095.53076172, -6.90747928619, 6.39744329453
        0.029, -0.00149095687084, 0.210516646504,  0.1829983145, 9.82350444794, -241.649017334, 5083.39941406, -6.80149316788, 6.27587366104
         0.03, -0.00169025547802, 0.209232449532, 0.183720603585, -11.8359746933, -241.733673096, 5076.75195312, -6.60585594177, 6.13757038116
        0.031, -0.00184564292431, 0.208083495498, 0.184377864003, -32.0029945374, -242.058532715, 5071.95117188, -6.35484886169, 6.01120281219
        0.032, -0.00194603786804, 0.207060649991, 0.184976994991, -49.7653388977, -242.466522217,     5067.3125, -6.04938173294, 5.91226673126
        0.033, -0.00197654473595, 0.206124603748, 0.185523703694, -64.7166213989, -242.821212769, 5059.41015625, -5.70378637314, 5.82210588455
        0.034, -0.00192286050878, 0.205248773098, 0.18602155149, -76.4941558838, -243.088409424, 5047.64501953, -5.36657190323, 5.73336219788
        0.035, -0.00177635496948, 0.204393953085, 0.186472117901, -85.6638565063, -243.291427612, 5031.95117188, -5.06838655472, 5.66368722916
        0.036, -0.0015369548928, 0.203540474176, 0.186874985695, -92.4937362671, -243.360366821,  5013.1484375, -4.84432268143, 5.63702487946
        0.037, -0.00121442228556, 0.20267033577, 0.187228530645, -97.823677063, -243.196594238, 4994.03808594, -4.67271089554, 5.65822172165
        0.038, -0.000827297451906, 0.20179502666, 0.187531873584, -102.194992065, -242.75541687, 4975.77294922, -4.5557975769, 5.72713279724
        0.039, -0.000401098484872, 0.200934350491, 0.187785238028, -105.687698364, -242.018264771, 4961.22558594, -4.50012350082,  5.8033862114
         0.04, 3.58320612577e-05, 0.200120791793, 0.187991335988, -108.764060974, -241.124465942, 4950.49072266, -4.55125951767, 5.84605407715
        0.041, 0.000458747701487, 0.199401408434, 0.188154906034, -111.583580017, -240.232086182, 4943.88769531, -4.75149106979, 5.86539793015
        0.042, 0.00084933853941, 0.198787912726, 0.188281849027, -114.379013062, -239.330627441, 4940.12548828, -5.07292366028, 5.88101673126
        0.043, 0.0011973233195, 0.198270753026, 0.188377276063, -116.538505554, -238.353652954,    4936.90625, -5.43359470367, 5.90437459946
        0.044, 0.00149964063894, 0.197822317481, 0.188445061445, -117.325462341, -237.247406006, 4933.08007812, -5.77769517899, 5.93194770813
        0.045, 0.00175890314858, 0.197410658002, 0.188487961888, -116.029876709, -236.014907837, 4926.44726562, -6.05572795868,  5.9454536438
        0.046, 0.00198141741566, 0.197007641196, 0.188506796956, -112.162498474, -234.783828735, 4917.38232422, -6.2595539093, 5.91306495667
        0.047, 0.00217458629049, 0.196595445275, 0.188501685858, -105.897689819, -233.741546631, 4905.69140625, -6.4073882103, 5.83680200577
        0.048, 0.00234451028518, 0.196174606681, 0.188471794128, -97.3383560181, -232.976806641, 4892.65380859, -6.5213637352, 5.74280834198
        0.049, 0.00249344436452, 0.195739880204, 0.188416019082, -87.3722763062, -232.406356812, 4879.75390625, -6.5526137352, 5.64947271347
         0.05, 0.00261939922348, 0.195300787687, 0.188333302736, -76.6203765869, -231.942062378, 4867.75439453, -6.45721530914, 5.56461715698
        0.051, 0.00271741650067, 0.194876641035, 0.188223719597, -66.3432998657, -231.558319092, 4858.39794922, -6.25830078125, 5.50411224365
        0.052, 0.00278019206598, 0.194479241967, 0.188088744879, -57.2070388794, -231.227325439, 4851.30517578, -5.96991252899,  5.4521894455
        0.053, 0.00279976474121, 0.194123342633, 0.187930494547, -49.8019332886, -231.019042969, 4846.89892578, -5.6268901825, 5.40417575836
        0.054, 0.00277044507675, 0.193814873695, 0.187752231956, -44.594959259, -230.950759888, 4843.94091797, -5.29693222046, 5.36548662186
        0.055, 0.00269094668329, 0.193558469415, 0.187556952238, -41.4142608643, -230.984039307, 4841.20605469, -5.0479183197, 5.35997819901
        0.056, 0.00256363721564,  0.1933337152, 0.187346860766, -39.8887176514, -230.954162598, 4837.81298828,  -4.849360466, 5.39081954956
        0.057, 0.00239479960874, 0.193123757839, 0.187122911215, -39.1158294678, -230.74937439, 4832.39453125, -4.67798805237,  5.4397277832
        0.058, 0.00219443324022, 0.192921414971, 0.186885476112, -38.7454986572, -230.339736938, 4825.51806641, -4.56014204025, 5.50391769409
        0.059, 0.0019746015314, 0.192702755332, 0.186633959413, -38.059463501, -229.693374634, 4816.84521484, -4.47815656662, 5.55317497253
         0.06, 0.00174664973747, 0.192464068532, 0.186366945505, -36.6665115356, -228.910217285, 4807.70556641, -4.46400403976, 5.56808710098
        0.061, 0.00152066885494, 0.192209586501, 0.186083674431, -34.8386535645, -228.097198486, 4798.77246094, -4.57298851013, 5.55429077148
        0.062, 0.00130480830558, 0.191958531737, 0.185783714056, -32.8632965088, -227.198822021, 4790.68457031, -4.77135467529, 5.53592443466
        0.063, 0.00110383774154, 0.191712424159, 0.185467019677, -31.5034179688, -226.222747803, 4784.48632812, -5.02263593674, 5.52081251144
        0.064, 0.000919901824091, 0.191484078765, 0.185134351254, -31.2009029388, -225.11680603, 4779.69189453, -5.24845600128, 5.49907255173
        0.065, 0.000752505846322, 0.191285654902, 0.184787273407, -32.6328926086, -224.035629272, 4776.83349609, -5.46142292023, 5.45835113525
        0.066, 0.000600352301262, 0.191118910909, 0.184427976608, -36.0107345581, -223.05140686, 4774.69726562, -5.66023683548, 5.39775657654
        0.067, 0.000461969990283, 0.190986722708,  0.1840582937, -41.252696991, -222.300247192, 4772.87451172, -5.86246395111, 5.32324457169
        0.068, 0.000335755525157, 0.19087575376, 0.183679789305, -47.9134902954, -221.711914062, 4770.54443359, -6.0392074585, 5.27130079269
        0.069, 0.000221109163249, 0.190772011876, 0.183292910457, -55.2039375305, -221.171066284, 4766.79833984, -6.10990381241, 5.24068498611
         0.07, 0.000118867355923, 0.190665498376, 0.182897612453, -62.5768852234, -220.659210205, 4762.04101562, -6.05858230591, 5.23062849045
        0.071, 3.09450479108e-05, 0.190545976162, 0.182493388653, -69.1570129395, -220.149505615,     4755.8125, -5.85402679443, 5.21231603622
        0.072, -4.02453333663e-05, 0.190415456891, 0.182079419494, -74.5801239014, -219.787811279, 4749.42675781, -5.5768995285, 5.17369794846
        0.073, -9.1208552476e-05, 0.190277516842, 0.181655302644, -78.8860321045, -219.671585083, 4743.20898438, -5.32815361023, 5.11687707901
        0.074, -0.00011886232096, 0.190146878362, 0.181220903993, -82.1496429443, -219.776123047, 4738.00585938, -5.12675619125, 5.08272600174
        0.075, -0.000121035853226, 0.190021499991, 0.180776387453, -84.9340744019, -219.836242676, 4734.35058594, -4.94266271591,  5.0829615593
        0.076, -9.76999508566e-05, 0.189908191562, 0.180322259665, -87.3348388672, -219.749023438, 4731.68310547, -4.71964120865, 5.09503078461
        0.077, -5.1528277254e-05, 0.18981423974, 0.179859697819, -89.8671417236, -219.490066528, 4730.47265625, -4.49136734009, 5.09074687958
        0.078, 1.32656532514e-05, 0.189746573567, 0.179390504956, -92.731048584, -219.192474365, 4729.46240234, -4.32742214203, 5.06730365753
        0.079, 9.20169550227e-05, 0.189710408449, 0.178916290402, -96.1880950928, -218.909439087, 4728.79003906, -4.29004716873, 5.05405712128
         0.08, 0.000179411916179, 0.189686506987, 0.178438156843, -100.031547546, -218.556396484, 4727.52294922, -4.35645294189, 5.06612968445
        0.081, 0.000269060168648, 0.189661413431, 0.177956104279, -103.511505127, -217.974212646, 4725.21826172, -4.4735417366, 5.09180927277
        0.082, 0.000355053285602, 0.189624086022, 0.177469789982, -106.545051575, -217.17137146, 4722.11035156, -4.59090662003, 5.10182189941
        0.083, 0.000433093082393, 0.189581766725, 0.176978960633, -108.601020813, -216.233688354, 4717.80810547, -4.70331811905,   5.087018013
        0.084, 0.000501679896843, 0.189540416002, 0.176483124495, -110.024398804, -215.369857788, 4713.75439453, -4.87733745575, 5.06501340866
        0.085, 0.000562057015486, 0.189498305321, 0.175982117653, -110.699539185, -214.654129028, 4709.82324219, -5.10445642471, 5.06113767624
        0.086, 0.000615670811385, 0.189452603459, 0.175475358963, -110.513442993, -213.978683472, 4707.08154297, -5.3403544426, 5.07059955597
        0.087, 0.000664311053697, 0.189404815435, 0.174963086843, -109.749549866, -213.26083374, 4705.44042969, -5.49110269547,  5.0842757225
        0.088, 0.000709384563379, 0.189374685287, 0.174446165562, -108.529899597, -212.576599121, 4704.58007812, -5.56367540359, 5.07378721237
        0.089, 0.000751781626604, 0.189371675253, 0.173925891519, -107.473312378, -212.080307007, 4704.68164062, -5.59602594376, 5.06084060669
         0.09, 0.000791622151155, 0.189393699169, 0.17340362072, -106.572593689,  -211.7865448, 4704.65380859, -5.58599853516, 5.04531955719
        0.091, 0.000826494535431, 0.189428672194, 0.172879949212, -105.801101685, -211.62840271, 4704.86914062, -5.52529191971, 5.02959871292
        0.092, 0.000853016565088, 0.189465865493, 0.172355547547, -105.080596924, -211.498001099, 4704.38720703, -5.39487791061, 5.01219129562
        0.093, 0.000867515278514, 0.189507514238, 0.171830654144, -104.384407043, -211.356948853,    4703.28125, -5.19055366516, 4.97252130508
        0.094, 0.000867584662046, 0.189547285438, 0.171305298805, -104.079101562, -211.330322266, 4701.58349609, -4.9991350174, 4.92013502121
        0.095, 0.000852638506331, 0.189585581422,  0.1707790941, -104.012359619, -211.306854248, 4699.11328125, -4.80151987076,  4.8694524765
        0.096, 0.000823631999083, 0.189619064331, 0.170251429081, -104.37752533, -211.301528931, 4696.98828125, -4.62138271332, 4.83579111099
        0.097, 0.000782311195508, 0.189646810293, 0.16972206533,   -104.703125, -211.223190308, 4694.95800781, -4.45987844467, 4.82300519943
        0.098, 0.000731042586267, 0.189676403999, 0.169190883636, -104.949531555, -211.065841675, 4694.04541016, -4.33888626099, 4.81727075577
        0.099, 0.000673109607305, 0.189711645246, 0.168658509851, -105.164077759, -210.936004639, 4693.94091797, -4.29816818237, 4.82666730881
          0.1, 0.000612235977314, 0.189759910107, 0.16812556982, -105.491821289, -210.726516724, 4694.53857422, -4.34522390366, 4.85195112228
        0.101, 0.000552074459847, 0.189816623926, 0.167592808604, -105.988609314, -210.381713867, 4695.74804688, -4.40892696381, 4.90094137192
        0.102, 0.000493739789817, 0.189882382751, 0.167060926557, -106.285102844, -209.898956299, 4696.62011719, -4.48507595062, 4.94938755035
        0.103, 0.000437098904513, 0.189960822463, 0.166530638933, -106.684181213, -209.316619873, 4697.56494141, -4.57518577576, 4.98337554932
        0.104, 0.000382049824111, 0.190050587058, 0.166002780199, -107.307067871, -208.792098999, 4697.75878906, -4.71073007584, 5.00403118134
        0.105, 0.000329033733578, 0.190148770809, 0.16547742486, -108.62991333, -208.321578979, 4697.67529297, -4.88141870499, 5.02232074738
        0.106, 0.000278510793578, 0.190235003829, 0.164954155684, -110.452552795, -207.806945801, 4697.22070312, -5.04465293884, 5.04570674896
        0.107, 0.000229238357861, 0.190306186676, 0.164432153106,  -112.4425354, -207.283309937, 4696.31591797, -5.15552854538, 5.04128074646
        0.108, 0.000180362709216, 0.190369457006, 0.163911029696, -114.739845276, -206.797637939, 4695.78613281, -5.21644926071, 5.00364351273
        0.109, 0.000131739448989, 0.190440535545, 0.163391157985, -117.126602173, -206.485656738, 4695.28369141, -5.25790691376, 4.94207954407
         0.11, 8.50723808981e-05, 0.190530046821, 0.162872955203, -119.927482605, -206.389251709, 4695.83886719, -5.30297851562, 4.88065195084
        0.111, 4.27747727372e-05, 0.190629646182, 0.162356927991, -122.734550476, -206.350830078, 4696.95263672, -5.31406784058, 4.84779787064
        0.112, 5.85131283515e-06, 0.19073228538, 0.161843210459, -125.147842407, -206.285491943, 4698.62060547, -5.24028730392, 4.83168697357
        0.113, -2.58109703282e-05, 0.190835267305, 0.16133223474, -127.104888916, -206.210449219, 4700.55615234, -5.09758090973, 4.80318403244
        0.114, -5.17739317729e-05, 0.190945655107, 0.160824626684, -128.786987305, -206.276428223, 4702.05810547, -4.94242095947, 4.77359867096
        0.115, -7.07510916982e-05, 0.191064342856, 0.160320937634, -130.658905029, -206.44631958, 4703.59277344, -4.81607723236, 4.76032829285
        0.116, -8.21380453999e-05, 0.191184863448, 0.159821510315, -132.544448853, -206.593643188, 4704.43554688, -4.67797994614, 4.75866413116
        0.117, -8.67907219799e-05, 0.191301867366, 0.15932610631, -134.374969482, -206.668304443, 4705.22216797, -4.54350996017, 4.77056789398
        0.118, -8.63096138346e-05, 0.191411927342, 0.158834710717, -136.250671387, -206.654266357, 4705.71240234, -4.41264247894, 4.78509616852
        0.119, -8.20846180432e-05, 0.191521525383, 0.158347040415, -138.182022095, -206.598190308, 4706.06445312, -4.34044981003, 4.80055189133
         0.12, -7.51998231863e-05, 0.191628828645, 0.157862901688, -140.474090576, -206.598495483, 4706.83886719, -4.3445315361, 4.82472515106
        0.121, -6.64807084831e-05, 0.191738650203, 0.157382324338, -142.804901123, -206.525054932,    4707.65625, -4.38214159012,  4.8654088974
        0.122, -5.78276340093e-05, 0.19185128808, 0.156905278563, -144.789672852, -206.29838562, 4709.26123047, -4.42875814438, 4.90159463882
        0.123, -5.10828976985e-05, 0.191968470812, 0.156432390213, -146.415924072, -206.038864136, 4711.10009766, -4.5004324913, 4.92242622375
        0.124, -4.5718599722e-05, 0.192096710205, 0.155964076519, -148.055755615, -205.810287476, 4713.38037109, -4.62479782104, 4.94023370743
        0.125, -4.00320677727e-05, 0.192225754261, 0.155500710011, -149.674240112, -205.584014893, 4715.83642578, -4.78234434128, 4.96844005585
        0.126, -3.36683660862e-05, 0.192351430655, 0.155042380095, -150.888717651, -205.263137817, 4717.82421875, -4.90831613541, 4.97848892212
        0.127, -2.78356510535e-05, 0.192476972938, 0.154589131474, -151.657913208, -204.872543335, 4719.74316406, -4.97691726685, 4.96072101593
        0.128, -2.30877903959e-05, 0.192612722516, 0.154141530395, -152.271743774, -204.557235718, 4721.01708984, -5.02128171921, 4.92885780334
        0.129, -1.87056193681e-05, 0.19276124239, 0.15369977057, -153.127746582, -204.402786255, 4722.43994141, -5.08558177948, 4.88922357559
         0.13, -1.36237058541e-05, 0.192910268903, 0.153263673186, -154.274490356, -204.365646362, 4723.83544922, -5.1577205658,  4.8681306839
        0.131, -8.56632050272e-06, 0.193051844835, 0.152832701802, -155.235961914, -204.314956665, 4725.21826172, -5.16803884506, 4.85101366043
        0.132, -5.91128264205e-06, 0.193186551332, 0.152406528592, -156.089263916, -204.275054932,  4726.9296875, -5.11742353439, 4.82469081879
        0.133, -6.82646395944e-06, 0.193321466446, 0.151985287666, -156.903625488, -204.334091187, 4728.50341797, -5.04643297195, 4.80710792542
        0.134, -1.12272409751e-05, 0.193461254239, 0.151569083333, -158.084060669, -204.529022217, 4730.72314453, -4.97284507751, 4.80055475235
        0.135, -1.88449066627e-05, 0.193606644869, 0.151158496737, -159.370666504, -204.811950684, 4733.00048828, -4.90246963501, 4.80887794495
        0.136, -3.01332893287e-05, 0.193758442998, 0.150753721595, -160.318817139, -204.998687744, 4735.62255859, -4.79760599136, 4.82693576813
        0.137, -4.58078793599e-05, 0.193912193179, 0.150355130434, -161.141387939, -205.102630615, 4738.23339844, -4.65516233444, 4.84848880768
        0.138, -6.44507890684e-05,  0.1940715909, 0.149962931871, -162.105407715, -205.219787598, 4740.47851562, -4.53797197342, 4.87310838699
        0.139, -8.38538981043e-05, 0.194224625826, 0.149576887488, -163.369476318, -205.402938843, 4742.78466797, -4.48561763763, 4.89932250977
         0.14, -0.000103036516521, 0.194369539618, 0.149196848273, -164.43800354, -205.531295776, 4744.53076172, -4.46256065369, 4.92560195923
        0.141, -0.000123094156152, 0.194510191679, 0.148822695017, -165.233642578, -205.514205933, 4746.50732422, -4.43172979355, 4.92525911331
        0.142, -0.000144026445923, 0.194655790925, 0.14845483005, -166.063232422, -205.441482544, 4748.36865234, -4.43303442001, 4.92311382294
        0.143, -0.000164927929291, 0.194809257984, 0.148093372583, -167.206176758, -205.401351929, 4750.42724609, -4.4857635498, 4.92423057556
        0.144, -0.000184231830644, 0.194963276386, 0.147738128901, -168.698501587, -205.354202271, 4752.73876953, -4.62266540527, 4.93749046326
        0.145, -0.000202896815608, 0.195113867521, 0.147388830781, -169.910293579, -205.220840454, 4754.80078125, -4.74329519272, 4.94286203384
        0.146, -0.000222633796511,  0.1952611655, 0.147045314312, -171.131393433, -205.050018311, 4757.32373047, -4.83619213104, 4.94929552078
        0.147, -0.000243644797592, 0.195406928658, 0.146707907319, -172.409805298, -204.874450684, 4759.66650391, -4.92414999008, 4.95654249191
        0.148, -0.000264827656792, 0.195551559329, 0.146376624703, -174.07208252, -204.817504883, 4762.45849609, -5.01496839523, 4.96318721771
        0.149, -0.000285311311018, 0.195694208145, 0.146051883698, -175.781494141, -204.799423218, 4765.22558594, -5.09673213959, 4.96603012085
         0.15, -0.000305746885715, 0.195839896798, 0.145733714104, -177.161758423, -204.75340271, 4767.75244141, -5.1335735321, 4.95201635361
        0.151, -0.000326041103108, 0.195991262794, 0.145422309637, -178.611999512, -204.746582031, 4770.25292969, -5.13235187531,  4.9419708252
        0.152, -0.000344772095559, 0.196148604155, 0.145117804408, -180.246139526,  -204.8099823, 4772.24365234, -5.1060218811, 4.94390678406
        0.153, -0.000360894075129, 0.196306690574, 0.14481985569, -182.009536743, -204.986740112,  4774.5234375, -5.05860853195,  4.9500837326
        0.154, -0.000374897150323, 0.196459278464, 0.144528433681, -183.444473267, -205.222183228, 4776.63378906, -4.99624586105,  4.9444103241
        0.155, -0.000387664302252, 0.196610957384, 0.144243344665, -184.709991455, -205.507629395, 4778.98242188, -4.93383216858, 4.93754243851
        0.156, -0.000398867035983, 0.196758523583, 0.143964648247, -186.191299438, -205.787185669, 4781.52050781, -4.8486828804, 4.94401454926
        0.157, -0.000407824554713, 0.196902409196, 0.143692135811, -187.656555176, -206.038879395, 4783.87207031, -4.76182317734,  4.9568977356
        0.158, -0.000414944719523, 0.19704657793, 0.143425822258, -189.139907837, -206.331573486, 4786.52880859, -4.70924568176, 4.96553850174
        0.159, -0.000421906472184, 0.197192668915, 0.143166020513, -190.348449707, -206.553985596, 4788.90234375, -4.65246629715, 4.95827960968
         0.16, -0.000428871484473, 0.197347909212, 0.142912894487, -191.824493408, -206.723297119, 4791.62890625, -4.60571622849, 4.96276903152
        0.161, -0.000434603367466, 0.197503075004, 0.142666727304, -193.620437622, -206.826705933, 4794.34667969, -4.56090688705, 4.98324584961
        0.162, -0.000438790040789, 0.197655141354, 0.142427250743, -195.357269287, -206.910751343, 4796.99609375, -4.56475925446, 5.00643491745
        0.163, -0.000442901742645, 0.197800084949, 0.142194360495, -196.719650269, -206.968200684, 4799.61181641, -4.61122608185, 5.01505422592
        0.164, -0.000447370344773, 0.197944909334, 0.141967967153, -197.971603394, -207.020492554, 4801.73388672, -4.69306850433,  5.0256061554
        0.165, -0.000451249507023, 0.198087751865, 0.141747996211, -199.379669189, -206.981262207, 4804.06054688, -4.77856636047, 5.05370759964
        0.166, -0.000462807656731, 0.198279827833, 0.141535311937, -237.492477417, -207.239624023, 4888.03564453, -4.7688369751, 5.13154029846
        0.167, -0.000756768742576, 0.200907036662, 0.141403242946, -377.610473633, -209.035400391, 5400.47119141, -5.27985668182, 4.87746334076
        0.168, -0.00248815887608, 0.208767414093, 0.141654103994, -383.239227295, -210.606536865, 6214.88427734, -6.66972494125, 4.38844919205
        0.169, -0.00700900098309, 0.222614943981, 0.142633706331, -241.737503052, -209.930145264, 7049.10253906, -8.18274211884, 4.52811193466
         0.17, -0.0144522376359, 0.241473227739, 0.144641950727, -202.860946655, -208.62878418, 7807.97949219, -9.72479248047, 4.79428672791
        0.171, -0.0237716175616, 0.26564091444, 0.147972673178, -429.692077637, -208.362731934, 8500.37890625, -12.1050281525, 4.29927444458
        0.172, -0.0224279239774, 0.322176605463, 0.116140030324, 700.576171875, -201.465545654, 8941.54882812, -12.4327974319, 16.8161754608
        0.173, -0.03288121894, 0.353444516659, 0.122936159372, 236.351211548, -198.508956909, 9113.59277344, -15.9308795929, 16.4354896545
        0.174, -0.0417489185929, 0.382221013308, 0.131424322724, -236.194290161, -193.859909058, 9056.47949219, -18.8617572784, 15.7043685913
        0.175, -0.0482591204345,  0.4073959589, 0.141438052058, -647.455993652, -188.023254395, 8817.34570312, -20.4195423126, 14.2596845627
        0.176, -0.0519514605403, 0.391724139452, 0.15277273953, -940.027954102, -177.426116943, 8519.94140625, -25.1645908356, 11.6997680664
        0.177, -0.052501745522, 0.404423713684, 0.165228560567, -1140.83312988, -166.534332275, 8275.07226562, -21.1871299744, 4.15728902817
        0.178, -0.0497990399599, 0.415555506945, 0.178662329912, -1257.87634277, -163.169326782, 8299.17480469, -20.7413425446, -3.46887111664
        0.179, -0.0437956899405, 0.426308572292, 0.19309169054, -1413.67480469, -167.860824585, 8572.06738281, -23.9330501556, -10.1639661789
         0.18, -0.0345390364528, 0.43857601285, 0.208651468158, -1610.94213867, -179.409683228, 9135.36230469, -28.5559368134, -14.5938100815
        0.181, -0.0225318484008, 0.453806430101, 0.225630298257, -1821.05493164, -195.951797485, 9856.43164062, -33.5869140625, -16.0049781799
        0.182, -0.0086796246469, 0.47260800004, 0.244380012155, -1965.69775391, -215.962341309, 10613.5800781, -37.549823761, -13.9185791016
        0.183, 0.00593693740666, 0.49397289753, 0.265259474516, -2025.10583496, -238.21585083, 11269.4140625, -40.7246856689, -8.94733333588
        0.184, 0.0205971561372, 0.515977501869, 0.288535803556, -2076.14477539,  -262.7449646, 11678.7021484, -43.1834068298, -1.52625894547
        0.185, 0.0350397489965, 0.536667227745, 0.314320862293, -2122.1171875, -287.199157715, 11810.8027344, -44.8102874756, 8.02128887177
        0.186, 0.0527506396174, 0.485997706652, 0.378900587559, -4150.5859375, -312.129211426, 11080.8085938, -46.5016937256, -4.16189670563
        0.187, 0.0680739507079, 0.493819177151, 0.409585505724, -4031.15991211, -326.799377441, 10690.2207031, -44.0400886536, 5.09057855606
        0.188, 0.0826530233026, 0.495866775513, 0.442303806543, -3762.07128906, -337.805114746, 10179.4052734, -38.0467567444,  12.738524437
        0.189, 0.0962064117193, 0.492653936148, 0.476740717888, -3345.20800781, -350.705413818,     9651.0625, -31.8288192749, 17.0633640289
         0.19, 0.108348362148, 0.485195636749, 0.512584745884, -2783.77392578, -367.351470947, 9185.31152344, -27.0120735168, 17.6765174866
        0.191, 0.118334978819, 0.47456163168, 0.549573779106, -2054.06958008, -384.533203125, 8816.17285156, -23.2945137024, 14.8683872223
        0.192, 0.125283822417, 0.46179574728, 0.587495863438, -1214.07177734, -402.107910156, 8559.54394531, -20.8684196472,  9.3174161911
        0.193, 0.128643348813, 0.447601646185, 0.626204311848, -427.878051758, -417.679321289, 8380.57324219, -20.2499694824, 2.34860229492
        0.194, 0.128345414996, 0.432401359081, 0.665579855442, 226.075668335, -429.634155273, 8219.00976562, -20.2957115173, -4.78672456741
        0.195, 0.12453340739, 0.416403383017, 0.705504000187, 708.319396973, -437.145019531, 8036.35302734, -21.0614776611, -10.8276796341
        0.196, 0.117512486875, 0.399562597275, 0.745831251144, 1048.80102539, -441.019683838, 7774.79101562, -22.2969665527, -14.6410579681
        0.197, 0.107719816267, 0.381832718849, 0.786352574825, 1275.68969727, -441.971130371, 7427.38183594, -23.5990562439, -15.7302951813
        0.198, 0.09570825845, 0.363253712654, 0.826808452606, 1431.04223633, -440.381469727, 6983.09082031, -24.1904563904, -14.5056829453
        0.199, 0.0821476504207, 0.344001471996, 0.866871476173, 1555.30529785, -437.146636963, 6465.01416016, -23.3576374054, -11.318646431
          0.2, 0.0677127614617, 0.324373602867, 0.906180202961, 1679.43798828, -432.501525879,  5922.9921875, -20.3648033142, -6.80080413818
        0.201, 0.0529833361506, 0.304843455553, 0.944365024567, 1840.26953125, -428.12008667, 5399.80126953, -15.1799411774, -1.43942189217
        0.202, 0.0383661463857, 0.285864114761, 0.981085658073, 2039.91235352, -428.103424072, 4968.06347656, -8.91768741608, 4.08220386505
        0.203, 0.0241114441305, 0.267914503813, 1.01607906818, 2258.12597656, -434.214141846, 4649.95556641, -2.80382919312, 9.26016521454
        0.204, 0.0104201650247, 0.251267194748, 1.04916238785, 2431.61474609, -446.329040527, 4460.14208984, 2.88648700714, 13.4000167847
        0.205, -0.00247870362364, 0.236156463623, 1.08024382591, 2487.84863281, -461.757385254, 4359.63623047, 8.28205108643, 15.9393787384
        0.206, -0.0142678339034, 0.222598746419, 1.10928082466, 2369.47265625, -476.326568604,   4291.421875, 13.6747083664, 16.1828041077
        0.207, -0.0246145073324, 0.21049836278, 1.13624668121, 2062.69067383, -487.354064941, 4198.31933594, 19.0188903809, 13.9411802292
        0.208, -0.0332662016153, 0.199542149901, 1.16108000278,  1608.0300293, -492.180847168,   4033.171875, 23.9429950714, 9.42709159851
        0.209, -0.0401337407529, 0.189374923706, 1.18366479874, 1088.02355957, -489.29876709, 3789.95166016, 28.3730392456, 3.42966651917
         0.21, -0.0453195720911, 0.179811790586, 1.20383644104,  595.74029541, -478.086364746, 3485.45483398, 32.2118225098, -2.94856214523
        0.211, -0.0490706413984, 0.170750975609, 1.22140729427, 210.634017944, -460.29473877, 3163.88208008, 35.1958465576, -8.66903591156
        0.212, -0.0271543487906, -0.0547202825546, 1.24004495144, -526.424133301, -438.056396484,  2820.6796875, 41.5453109741, -29.357219696
        0.213, -0.0302366577089, -0.0639156550169, 1.25164818764, -589.399475098, -416.458465576, 2574.60571289, 41.3647994995, -30.2646312714
        0.214, -0.0324734859169, -0.0715920180082, 1.26035094261, -585.15057373, -397.872924805, 2419.53613281, 38.7126541138, -29.3075408936
        0.215, -0.0337400101125, -0.0783639028668, 1.26611626148, -571.778686523, -382.089874268, 2342.36743164,  33.934677124, -26.5522899628
        0.216, -0.0338177420199, -0.0846889168024, 1.26894807816, -599.544555664, -367.436859131, 2308.86230469, 28.1570720673, -22.3831310272
        0.217, -0.0325084365904, -0.0905892252922, 1.26898002625, -672.26776123, -351.196380615, 2277.57739258, 22.7288532257, -17.0028591156
        0.218, -0.029785791412, -0.095523558557, 1.26668095589, -764.585205078, -330.158935547, 2186.27587891, 18.2081260681, -10.9879417419
        0.219, -0.0260301977396, -0.0996004864573, 1.26245415211, -831.617736816, -302.541320801, 1992.30969238, 14.9947223663, -4.83745956421
         0.22, -0.0218247286975, -0.103087052703, 1.25640809536, -837.27935791, -268.483001709, 1675.06481934, 13.3510866165, 0.862358629704
        0.221, -0.0178032871336, -0.133269846439, 1.24850749969, -764.254882812, -229.172180176, 1240.04284668, 21.0039329529, 6.93839120865
        0.222, -0.0146141080186, -0.143318906426, 1.23859488964, -598.047790527, -184.863952637, 723.530334473, 20.6991996765, 8.39203929901
        0.223, -0.0128105785698, -0.154553979635,  1.2264291048, -357.489990234, -136.776702881, 182.646026611, 23.0319385529, 10.0303421021
        0.224, -0.0127522656694, -0.167400673032,  1.2117575407, -66.3165435791, -86.0307846069, -285.830505371, 27.2084064484, 9.81072902679
        0.225, -0.0144903091714, -0.181409969926, 1.19441664219, 213.196899414, -36.8096961975, -574.902099609, 31.9879131317, 7.66550445557
        0.226, -0.0258379615843, 0.00663318857551, 1.16939342022, 306.077545166, 7.85053014755, -688.186828613,  35.491230011, -2.64628553391
        0.227, -0.028542118147, -0.0109690604731, 1.14654815197,  424.20703125, 43.3980751038, -520.013977051, 35.0802345276, -9.1837348938
        0.228, -0.0314826034009, -0.0271990485489, 1.12163698673, 442.357025146, 69.7099761963, -161.981323242, 30.3234806061, -14.0073022842
        0.229, -0.0339797474444, -0.0414649397135, 1.09512209892, 357.442626953,  87.297706604, 286.071136475, 20.8320808411, -15.9048366547
         0.23, -0.0354883186519, -0.0536730363965, 1.06745731831, 194.662765503, 97.4596405029,  702.40447998, 7.19106197357, -14.0677223206
        0.231, -0.0357028022408, -0.0641776695848, 1.03900790215, -5.21533918381, 101.429908752,  984.18347168, -9.0609664917, -8.33154582977
        0.232, -0.0345957092941, -0.0738042145967,  1.0100004673, -193.677597046, 100.123664856, 1062.25744629, -25.7029399872, 0.73368960619
        0.233, -0.0324054397643, -0.083550773561, 0.980500936508, -327.546203613, 93.7846374512, 925.093994141, -40.1565551758, 11.8963184357
        0.234, -0.0295692719519, -0.0944495946169, 0.950436711311, -379.588623047, 82.1854171753, 615.580688477, -49.9690170288, 23.4651679993
        0.235, -0.0266146287322, -0.107203066349, 0.919648528099, -341.121246338, 64.9772415161, 218.337203979, -53.2760124207, 33.5980300903
        0.236, -0.024050431326, -0.122108750045, 0.887960374355, -225.04196167, 42.1439743042, -162.68460083, -49.1790046692, 40.5512275696
        0.237, -0.022260311991, -0.138897031546,   0.855248034, -59.9993591309, 14.5042276382, -437.130645752, -37.9391975403, 43.0148162842
        0.238, -0.0214365068823, -0.156871497631, 0.821484863758, 114.091423035, -16.2274627686, -541.754272461, -20.9523334503, 40.3177566528
        0.239, -0.0215583406389, -0.175052314997, 0.786765635014, 255.718902588, -47.3492851257, -463.825012207, -0.565719366074, 32.6282043457
         0.24, -0.022408535704, -0.192411735654, 0.751290559769, 333.167480469, -75.6642456055, -231.421951294,  20.305606842, 20.9502925873
        0.241, -0.0236395597458, -0.208161816001, 0.715331315994, 330.530639648, -97.8265838623, 85.2151260376, 38.6480445862, 7.01246547699
        0.242, -0.0248504094779, -0.221901997924, 0.679171860218,    253.359375, -111.048690796, 402.318786621, 51.8731765747, -7.00239658356
        0.243, -0.0256730467081, -0.233808040619, 0.643056869507, 121.956680298, -113.481658936, 636.679992676, 58.2171440125, -18.8146820068
        0.244, -0.0258468892425, -0.244496420026, 0.607145428658, -31.0814666748, -104.601356506, 732.458557129, 56.9803504944, -26.4283599854
        0.245, -0.0252589397132, -0.254976987839, 0.571493506432, -170.965072632, -85.2274093628, 671.236816406, 48.5559005737, -28.5047588348
        0.246, -0.0239605102688, -0.266286313534, 0.536060333252, -265.703063965, -57.352481842, 475.285491943, 34.3106002808, -24.589258194
        0.247, -0.022141199559, -0.279297441244, 0.500738501549, -294.352172852, -23.7983627319, 200.737243652, 16.3085193634, -15.1952371597
        0.248, -0.0200792849064, -0.294414788485, 0.465398669243, -253.115692139,   12.25385952, -81.6536712646, -3.03664469719, -1.72170865536
        0.249, -0.0180809795856, -0.311526298523, 0.42993324995, -153.539016724, 47.6460342407, -300.569519043, -21.3352909088, 13.7425117493
         0.25, -0.0164114460349, -0.329988479614, 0.39429423213, -22.7991809845, 79.6297073364, -406.639251709, -36.5767936707, 28.7598686218
        0.251, -0.0152430683374, -0.348747551441, 0.358510315418, 104.412521362, 106.060203552, -325.331756592, -47.6373138428, 40.9257965088
        0.252, -0.0145407197997, -0.365643888712, 0.32272914052, 174.142822266, 126.227210999, 10.2408428192, -53.5224609375, 48.2558174133
        0.253, -0.0141111556441, -0.378730237484, 0.287233382463, 164.478729248, 139.845703125, 520.105285645, -54.186832428, 49.6200370789
        0.254, -0.0137149104849, -0.386624753475, 0.252348184586, 76.5972595215, 146.576660156,  1085.1628418, -50.8331451416,  44.839012146
        0.255, -0.0131391594186, -0.388930171728, 0.218382284045, -51.0546569824,  146.04725647, 1634.75964355, -45.1265296936, 34.7243118286
        0.256, -0.0123023558408, -0.385857671499, 0.185595288873, -185.342498779, 138.898986816, 2090.52612305, -38.4982566833, 20.9215717316
        0.257, -0.0111985150725, -0.378199219704, 0.154164969921, -281.279632568, 127.261100769, 2438.06835938, -31.6614551544, 5.57760429382
        0.258, -0.00988142564893, -0.366954773664, 0.124195754528, -333.002471924, 114.544692993, 2675.81420898, -24.6246585846, -9.0676908493
        0.259, -0.00840081460774, -0.352972865105, 0.0957270339131, -333.545379639,  103.68977356, 2839.26977539, -17.1584358215, -21.027677536
         0.26, -0.00677478406578, -0.336933672428, 0.0687623172998, -304.093261719, 96.5054931641, 2966.80615234, -9.31822967529, -28.8504199982
        0.261, -0.00504353502765, -0.318932533264, 0.0432893671095, -254.480224609, 93.2356414795, 3108.48681641, -1.61338639259,  -31.74751091
        0.262, -0.00323479413055, -0.298831373453, 0.0193081218749, -197.797042847, 92.9377670288, 3292.82519531, 5.10096549988, -29.660364151
        0.263, -0.00142861215863, -0.276088923216, -0.00316372141242, -146.602874756, 94.7029266357, 3543.69995117, 10.0079746246, -23.1689071655
        0.264, 0.00028636251227, -0.250180661678, -0.0240813270211, -108.090377808, 98.2136459351, 3853.90332031, 12.6918859482, -13.4207172394
        0.265, 0.00186188600492, -0.220720469952, -0.0433863401413, -104.59954834, 103.637023926, 4206.16992188, 13.2152519226, -1.98742902279
        0.266, 0.00328812282532, -0.187684252858, -0.0610175170004, -130.248321533, 110.891334534, 4571.02148438, 11.7983789444, 9.36576080322
        0.267, 0.00457590352744, -0.151536628604, -0.0769290179014, -185.17477417, 119.222457886,  4908.5078125, 8.60801887512, 19.0048561096
        0.268, 0.00572051247582, -0.113080330193, -0.0911055281758, -234.863204956, 127.428955078, 5196.68115234, 3.75909519196, 25.5535755157
        0.269, 0.00667471112683, -0.0732804089785, -0.103560291231, -264.685241699, 134.684356689, 5408.83789062, -2.44284176826, 28.2273979187
         0.27, 0.00739387562498, -0.0330985374749, -0.114338107407, -252.626449585, 141.149368286, 5546.79638672, -9.15026950836, 26.7820320129
        0.271, 0.00783346034586, 0.00677982298657, -0.123501047492, -201.347503662, 147.161437988,  5618.9765625, -15.3615674973, 21.5544776917
        0.272, 0.00799678079784, 0.0458824858069, -0.131118893623, -120.352729797, 152.559005737, 5646.20751953, -20.3012962341, 13.3100366592
        0.273, 0.0079291742295, 0.0837304666638, -0.137266740203, -29.9057998657, 156.591720581, 5652.80419922, -23.5477962494, 3.22900938988
        0.274, 0.00774659169838, 0.119654901326, -0.142036318779, 33.9139480591, 158.002685547, 5666.62939453, -25.0775966644, -7.2503991127
        0.275, 0.00762034999207, 0.153055980802, -0.145535349846, 57.1136703491, 155.691574097, 5720.33251953, -24.9820480347, -16.5622463226
        0.276, 0.00764950923622, 0.183507218957, -0.147881045938, 43.1741027832, 149.155670166, 5834.75683594, -23.2830638885, -23.3150081635
        0.277, 0.00778596755117, 0.210650771856, -0.149197161198, 31.1970615387, 138.437591553, 6004.22167969, -19.9465942383, -26.554473877
        0.278, 0.00784175563604, 0.234607622027, -0.149606466293, 38.4606132507, 123.594589233, 6205.67626953, -15.1067790985, -25.9370441437
        0.279, 0.00764381559566, 0.25578302145, -0.149210706353, 63.4190406799, 104.652397156, 6391.53076172, -9.18996715546, -21.7245063782
         0.28, 0.00713975913823, 0.275361448526, -0.148075759411, 84.4717178345,  82.094329834, 6522.58886719, -2.80658912659, -14.7334985733
        0.281, 0.00639156531543, 0.293970286846, -0.146221891046,  88.970199585, 56.9981994629, 6569.38574219,  3.5108089447, -6.1424202919
        0.282, 0.00551467994228, 0.31130117178, -0.143681779504, 80.3568954468, 31.3037776947, 6530.10302734, 9.48748779297, 2.67546415329
        0.283, 0.00460997549817, 0.326772153378, -0.140512600541, 64.7717819214, 7.30373668671, 6430.97021484, 15.0065832138, 10.3430614471
        0.284, 0.00375993829221, 0.340070426464, -0.136784866452, 51.3074493408, -13.1201086044, 6304.44140625, 19.6637401581,  15.657248497
        0.285, 0.00302327284589, 0.351267576218, -0.132570371032, 41.9124221802, -28.9682445526, 6193.72021484, 22.8581047058, 17.8900184631
        0.286, 0.00242316303775, 0.360792607069, -0.127925947309, 42.6728858948, -40.1915359497,   6122.328125, 23.8505573273, 16.8772621155
        0.287, 0.00194680457935, 0.36926227808, -0.122887313366, 53.9573249817, -47.1984863281, 6106.53271484,  22.121963501, 13.0294485092
        0.288, 0.00155604653992, 0.377313792706, -0.117464326322, 71.7686767578, -50.4223937988,   6140.734375, 17.6484737396, 7.21672105789
        0.289, 0.0012233753223, 0.385424137115, -0.111646912992, 85.5645065308, -50.3416252136,      6207.125, 10.9139280319, 0.568492889404
         0.29, 0.000946453365032, 0.393750309944, -0.105414971709, 84.5597381592, -47.7143173218, 6279.85546875, 2.71874856949, -5.73927545547
        0.291, 0.000738544680644, 0.402150779963, -0.0987512394786, 65.7559661865, -43.8161888123, 6329.03955078, -6.07863426208, -10.6758699417
        0.292, 0.000610795454122, 0.410161316395, -0.0916539058089, 33.0475997925, -40.1464080811, 6333.74902344, -14.5735254288, -13.4680204391
        0.293, 0.000553351535928, 0.41720661521, -0.0841445475817, -3.2738866806, -38.1470184326, 6282.17041016, -21.8712997437, -13.732375145
        0.294, 0.000541057670489, 0.422693312168, -0.0762706398964, -33.6354942322, -39.0487174988, 6179.62011719, -27.1382274628, -11.5095005035
        0.295, 0.000547112256754, 0.42622885108, -0.0681004449725, -52.9590568542, -43.769367218, 6043.21582031, -29.7431659698, -7.2870554924
        0.296, 0.000558868399821, 0.427711129189, -0.0597126334906, -60.3097076416, -53.0116996765, 5900.00146484, -29.416885376, -1.87530732155
        0.297, 0.000588952098042, 0.427338600159, -0.0511827543378, -60.8360824585, -67.2364349365,  5775.3984375, -26.3526821136, 3.75673484802
        0.298, 0.000668745895382, 0.42557233572, -0.0425723046064, -58.388874054, -86.3547515869,      5690.375, -21.0780715942, 8.70197677612
        0.299, 0.000833093305118, 0.422962009907, -0.0339204706252, -57.0076904297, -109.550338745, 5650.67041016, -14.3129024506, 12.2432336807
          0.3, 0.00110301747918, 0.420054107904, -0.025244127959, -56.6483268738, -135.233047485, 5651.42626953, -6.79789018631, 13.9541044235
        0.301, 0.00147255917545, 0.417202174664, -0.0165422018617, -55.9175300598, -161.329147339, 5673.36865234, 0.794475436211, 13.7242555618
        0.302, 0.00191200734116, 0.414510011673, -0.00780762406066, -53.5002937317, -185.710830688, 5692.36425781, 7.84066772461, 11.7231473923
        0.303, 0.00237834872678, 0.41180613637, 0.000961166806519, -48.9159317017, -206.661209106, 5685.56689453, 13.6917304993,   8.368309021
        0.304, 0.00283308466896, 0.40873169899, 0.00974960532039, -45.1067237854, -222.982666016, 5637.47509766, 17.7749023438, 4.26050186157
        0.305, 0.00325061148033, 0.404863208532, 0.0185216646641, -42.2984085083, -233.980422974, 5548.65673828, 19.6878318787, 0.0926043018699
        0.306, 0.00361586781219, 0.399877816439, 0.0272228829563, -41.840877533, -239.426223755, 5429.59570312, 19.2974643707, -3.45662045479
        0.307, 0.00392471486703, 0.393655627966, 0.0357878617942, -41.1521759033, -239.61567688, 5303.15869141, 16.7287406921, -5.81571435928
        0.308, 0.00417754007503, 0.386324167252, 0.0441531389952, -39.7224884033, -235.424499512, 5190.06884766, 12.3089323044, -6.61161327362
        0.309, 0.00438269227743, 0.378196924925, 0.0522662773728, -35.7063293457, -228.320983887, 5107.93701172, 6.49493408203, -5.71639347076
         0.31, 0.00455127004534, 0.369670957327, 0.0600932538509, -28.3877468109, -220.08140564, 5062.09277344, -0.185906603932, -3.24823331833
        0.311, 0.00469316076487, 0.36113062501, 0.0676185265183, -17.0057106018, -212.379119873, 5048.35498047, -7.11991357803, 0.449498713017
        0.312, 0.00481245294213, 0.352832615376, 0.0748414844275, -0.262637615204, -206.489425659, 5054.46435547, -13.6042842865, 4.84012699127
        0.313, 0.00490500591695, 0.34489274025, 0.0817687511444,  20.004863739, -203.216918945, 5065.26025391, -18.9317150116, 9.25324726105
        0.314, 0.0049659833312, 0.337252736092, 0.0884066522121, 42.4331321716, -202.938705444, 5067.35107422, -22.4774932861, 13.0017271042
        0.315, 0.00499304011464, 0.329767107964, 0.094754986465, 61.7512741089, -205.712310791, 5051.15283203, -23.8670291901, 15.4850616455
        0.316, 0.00499148480594, 0.322235673666, 0.100803717971,  75.861618042, -211.309432983, 5014.16796875, -23.0090332031, 16.3126049042
        0.317, 0.00496964808553, 0.314482152462, 0.106533117592, 82.0859146118, -219.286270142, 4958.41992188, -20.0933532715, 15.3589982986
        0.318, 0.00493446364999, 0.306390315294, 0.11191572994, 82.4467010498, -229.052597046, 4892.85351562, -15.5297021866, 12.7829341888
        0.319, 0.00488632079214, 0.29793086648, 0.116921655834, 79.5033721924, -239.891525269, 4827.24853516, -9.84899711609,  9.0002155304
         0.32, 0.00481856847182, 0.289186149836, 0.12152338028, 77.3050308228, -251.065429688, 4774.04150391, -3.71893215179, 4.61347293854
        0.321, 0.00471958564594, 0.280333310366, 0.125702753663, 79.3762130737, -261.944915771, 4741.58691406, 2.13584494591, 0.330185353756
        0.322, 0.00457937642932, 0.271621674299, 0.129454642534,   86.41847229, -271.789398193, 4734.64501953, 7.07505941391, -3.1626367569
        0.323, 0.00439481996, 0.26330280304, 0.132789120078, 98.5058364868, -279.886077881, 4751.44824219, 10.6627464294, -5.29285573959
        0.324, 0.00417343061417, 0.255580067635, 0.135729208589, 112.059562683, -285.504974365, 4784.15527344, 12.7099094391, -5.74914932251
        0.325, 0.00393437268212, 0.24856081605, 0.138306200504, 124.707054138, -288.197357178, 4822.45117188,  13.187461853, -4.46101570129
        0.326, 0.00370314577594, 0.242239937186, 0.140553608537, 132.547454834, -287.752166748, 4854.06445312, 12.2299909592, -1.62515306473
        0.327, 0.00350620551035, 0.236513376236, 0.142500504851, 134.841629028, -284.159545898, 4870.96630859, 10.0800151825, 2.30044198036
        0.328, 0.00336350500584, 0.231238797307, 0.14416910708, 130.872085571, -277.881195068, 4869.31103516, 6.99785470963, 6.68103694916
        0.329, 0.00328358914703, 0.226293697953, 0.145574584603, 123.182449341, -269.784698486, 4851.87402344,  3.2009241581, 10.8285961151
         0.33, 0.00325733679347, 0.22162297368, 0.146728485823, 115.269889832, -260.875976562, 4827.00244141, -1.08486640453, 14.1770362854
        0.331, 0.00326284579933, 0.217264503241, 0.147643998265,  109.87815094, -251.847503662, 4804.99169922, -5.47497224808, 16.2648506165
        0.332, 0.00327368755825, 0.213343888521, 0.148341014981, 109.077812195, -243.562255859, 4796.16015625, -9.65692234039, 16.8475227356
        0.333, 0.00326532614417, 0.21001586318, 0.148849248886, 112.634536743, -236.635574341, 4806.26855469, -13.3970499039, 15.9389095306
        0.334, 0.00322321685962, 0.207407981157, 0.149206697941, 119.592315674, -231.377731323, 4835.40039062, -16.3893222809, 13.7712478638
        0.335, 0.00314851477742, 0.205567389727, 0.149455815554, 126.207931519, -227.959640503, 4878.87695312, -18.3824367523, 10.7157258987
        0.336, 0.00305778766051, 0.204449623823, 0.149637684226, 130.287628174, -226.589096069, 4927.50195312, -19.3005256653, 7.26216506958
        0.337, 0.00297768041492, 0.203939989209, 0.149787470698, 129.100738525, -227.060272217, 4973.39160156, -19.0529232025, 3.95019435883
        0.338, 0.00293791666627, 0.203859701753, 0.149931415915, 122.809638977, -228.981063843, 5009.08203125, -17.547750473, 1.18051159382
        0.339, 0.00295822974294, 0.204032853246,  0.1500852108,  113.82875061, -232.248626709, 5032.05126953, -14.9632024765, -0.697121441364
         0.34, 0.00304020708427, 0.20430277288, 0.15025600791, 105.794998169, -236.605300903, 5043.11767578, -11.5826692581, -1.47068786621
        0.341, 0.00316961226054, 0.204568848014, 0.150444313884, 101.745353699, -241.651779175, 5045.30712891, -7.70621538162, -1.1310107708
        0.342, 0.00332058337517, 0.204789236188, 0.150647327304,  103.48223877, -247.209335327, 5044.84179688, -3.78086876869, 0.205333575606
        0.343, 0.00346446339972, 0.204984337091, 0.150862962008, 110.639411926, -252.852050781, 5046.41650391, -0.21861885488, 2.36906933784
        0.344, 0.00358198583126, 0.205200657248, 0.151091367006, 119.965866089, -257.913574219,    5055.40625, 2.73461556435, 4.99680423737
        0.345, 0.00366837298498, 0.205493032932, 0.151336267591, 128.284683228, -262.193359375, 5073.83837891, 4.75683355331,  7.6911611557
        0.346, 0.0037304055877, 0.205927222967, 0.151605248451, 132.805618286, -265.09979248, 5101.62255859, 5.65742588043, 10.1320905685
        0.347, 0.00378372799605, 0.20652897656, 0.151908233762, 132.412445068, -266.063079834, 5136.39013672, 5.53588294983, 11.9555988312
        0.348, 0.00384262437001, 0.207304120064, 0.152255758643, 128.523803711, -264.982421875, 5172.94140625, 4.37896251678, 12.9236564636
        0.349, 0.00391453504562, 0.208221137524, 0.152656823397, 123.626663208, -261.849884033, 5207.23681641, 2.27177667618, 12.9653196335
         0.35, 0.00399931985885, 0.209211573005, 0.153117209673,  120.20866394, -256.63571167, 5234.17041016, -0.503711462021, 12.1232290268
        0.351, 0.00409124279395, 0.210192039609, 0.153637528419, 120.129524231,  -249.8256073, 5251.66796875, -3.7077934742,  10.511598587
        0.352, 0.00418129330501, 0.211090803146, 0.154214307666, 124.145332336, -242.33807373, 5259.74365234, -7.1833486557, 8.44220638275
        0.353, 0.00426064105704, 0.21185977757, 0.154840543866, 131.369415283, -234.824005127, 5260.29248047, -10.6567983627, 6.30030536652
        0.354, 0.00432645296678, 0.212468966842, 0.15550711751, 139.746551514, -228.059173584, 5258.19091797, -13.7447042465, 4.35447454453
        0.355, 0.00437999935821, 0.212945118546, 0.156206220388, 147.513595581, -223.121002197, 5257.35400391, -16.3451385498, 2.92881679535
        0.356, 0.0044241338037, 0.213341236115, 0.156932786107, 153.657867432, -220.20173645, 5262.52099609, -18.1204681396, 2.25996804237
        0.357, 0.00446137832478, 0.213711082935, 0.157685697079, 157.432754517, -219.408493042, 5275.22412109, -18.7708873749, 2.35783791542
        0.358, 0.00449286121875, 0.214133933187, 0.158468052745, 159.248245239, -220.986114502, 5294.75927734, -18.264169693, 3.14046597481
        0.359, 0.00451685907319, 0.214665383101, 0.159286484122,    160.046875, -224.746139526, 5319.01074219, -16.6477355957, 4.48812437057
         0.36, 0.00452919304371, 0.215314596891, 0.160148411989, 160.682907104, -230.120117188, 5343.10400391, -13.9876251221, 6.14003801346
        0.361, 0.00452875858173, 0.216050773859, 0.161059454083,  161.34916687, -236.507049561, 5364.05517578, -10.4754371643, 7.74045228958
        0.362, 0.00451828399673, 0.216823533177, 0.16202300787,  162.12979126, -243.453277588, 5378.08105469, -6.55721139908, 9.02674674988
        0.363, 0.00450090505183, 0.217566624284, 0.163038298488,   163.9972229, -250.449905396, 5384.59765625, -2.73507189751, 9.82008552551
        0.364, 0.00447909208015, 0.21820884943, 0.164100959897, 166.845703125, -256.647857666, 5384.32763672, 0.661081552505, 10.0078191757
        0.365, 0.00445645162836, 0.218723297119, 0.165204048157, 170.428863525, -261.492492676, 5378.96386719, 3.26804637909, 9.57942962646
        0.366, 0.00443566543981, 0.219108819962, 0.166340127587, 174.616195679, -264.777587891, 5372.74365234, 4.74600934982, 8.67447090149
        0.367, 0.00441629020497, 0.219379097223, 0.167502254248, 179.258575439, -266.116455078, 5368.04003906, 4.95640993118, 7.51511764526
        0.368, 0.00439698668197, 0.219572722912, 0.168685182929, 183.807891846, -265.228637695, 5368.52929688, 4.05583906174, 6.32831907272
        0.369, 0.00437880773097, 0.219733834267, 0.169887170196, 186.745681763, -262.230682373, 5374.61572266, 2.16089701653, 5.29013776779
         0.37, 0.00436397595331, 0.219920501113, 0.171109214425, 188.200759888, -257.715515137, 5385.67871094, -0.615391135216, 4.57953453064
        0.371, 0.00435210345313, 0.220158994198, 0.172354519367, 188.344467163, -252.037307739, 5399.87744141, -3.9316136837, 4.34450149536
        0.372, 0.00434164097533, 0.22045211494, 0.173626676202, 187.873733521, -245.591384888, 5413.12988281, -7.33165979385, 4.58414745331
        0.373, 0.00433187326416, 0.220777839422, 0.174927979708, 187.018173218, -239.262832642, 5423.34082031, -10.5535898209, 5.20943069458
        0.374, 0.00432411255315, 0.221090048552, 0.176258817315, 186.010070801, -233.822418213, 5427.08984375, -13.3450899124, 6.08411455154
        0.375, 0.00431885756552, 0.221339896321, 0.177616000175, 186.205551147, -229.750015259, 5424.55615234, -15.4303007126, 7.08041715622
        0.376, 0.00431413063779, 0.221475243568, 0.178993791342, 187.848144531, -227.49520874,   5416.578125, -16.6080760956, 8.02788066864
        0.377, 0.00430927146226, 0.22148424387, 0.180384576321, 190.775039673, -227.371505737, 5405.40673828, -16.8585796356, 8.79063606262
        0.378, 0.00430741347373, 0.221368297935, 0.181780740619, 193.436004639, -229.349090576, 5394.91748047, -16.2102203369, 9.23126506805
        0.379, 0.00431266892701, 0.22115342319, 0.183176040649, 195.777832031, -233.121353149, 5386.95898438, -14.6799488068, 9.27592658997
         0.38, 0.00432613305748, 0.220888033509, 0.184566691518, 198.039993286, -238.235290527, 5384.60693359, -12.4170093536, 8.92609500885
        0.381, 0.00434619747102, 0.220617353916, 0.185952618718, 199.824539185, -244.181030273, 5386.95654297, -9.65201568604,  8.2412776947
        0.382, 0.00437329383567, 0.220387369394, 0.187336012721, 200.829269409, -250.31237793, 5393.03369141, -6.64705514908, 7.28294563293
        0.383, 0.00440786732361, 0.220209315419, 0.188720434904, 200.646224976, -255.889663696, 5399.91796875, -3.65990877151,  6.2000079155
        0.384, 0.00444836588576, 0.220079228282, 0.190108790994, 200.539916992, -260.378967285, 5404.10546875, -0.955109715462,  5.1442656517
        0.385, 0.00448948750272, 0.219963803887, 0.19150197506, 201.258987427, -263.687194824,  5404.5390625, 1.09344434738, 4.28594636917
        0.386, 0.00452519254759, 0.219818666577, 0.192898586392,   203.0184021, -265.600891113, 5399.24853516, 2.25687003136, 3.78581953049
        0.387, 0.00455446634442, 0.219600081444, 0.194294020534, 205.149291992, -265.916687012, 5390.23291016, 2.55283999443, 3.70282745361
        0.388, 0.00457991054282, 0.219275817275, 0.195682421327, 207.052047729, -264.677246094, 5378.32763672, 1.96703290939, 4.04266309738
        0.389, 0.00460451794788, 0.218850284815, 0.197057187557, 209.255752563, -262.214050293, 5366.23925781, 0.551688551903,  4.7674241066
         0.39, 0.00462915515527, 0.218338951468, 0.198412910104, 211.662689209, -258.929412842, 5356.29541016, -1.57845079899, 5.78662824631
        0.391, 0.00465341191739, 0.217782512307, 0.199745833874, 214.392211914, -255.063735962, 5349.10644531, -4.1523900032, 6.99321508408
        0.392, 0.00467906100675, 0.217211604118, 0.201054245234,  216.44203186, -250.791854858, 5346.09472656, -6.79252338409,  8.1847782135
        0.393, 0.00470919487998, 0.216652318835, 0.20233848691, 217.718139648, -246.492248535, 5345.23095703, -9.21390247345, 9.16882514954
        0.394, 0.00474448874593, 0.216119706631, 0.203599706292, 219.135238647, -242.617416382, 5346.18457031, -11.222360611,  9.7737121582
        0.395, 0.00478084199131,  0.2156124264, 0.204839885235, 221.159332275, -239.683868408, 5346.56982422, -12.7410049438, 9.90828895569
        0.396, 0.00481221592054, 0.215128958225, 0.206060454249, 224.390975952, -237.939453125, 5344.90820312, -13.6750516891, 9.57953834534
        0.397, 0.00483514275402, 0.214645817876, 0.207261532545, 227.504272461, -237.320404053, 5340.59863281, -13.9375534058, 8.83825874329
        0.398, 0.00485094729811, 0.214140579104, 0.208441764116, 230.044692993, -237.834533691, 5332.41015625, -13.4974126816,  7.7900633812
        0.399, 0.00486256089061, 0.213587030768, 0.20959790051,  231.95753479, -239.394973755, 5322.25927734, -12.424864769, 6.56667757034
          0.4, 0.00487177586183, 0.212979912758, 0.210726678371, 233.533782959, -241.99571228, 5310.36572266, -10.9053468704, 5.34915065765
        0.401, 0.00487831560895, 0.212338551879, 0.211825117469, 235.544586182, -245.489196777, 5299.29101562, -9.1271944046, 4.34205389023
        0.402, 0.0048829484731, 0.211682513356, 0.212891668081, 237.158706665, -249.267623901, 5290.12597656, -7.1768078804, 3.70430636406
        0.403, 0.00488850381225, 0.211031317711, 0.213925495744, 238.452209473, -252.896835327, 5283.32275391, -5.15745019913,  3.5132021904
        0.404, 0.00489710830152, 0.210388019681, 0.214926794171, 239.506622314, -256.057800293, 5279.53613281, -3.23373699188, 3.73006176949
        0.405, 0.00490803457797, 0.209771767259, 0.215897351503, 241.277206421, -258.591339111, 5276.87988281,  -1.617821455, 4.27402925491
        0.406, 0.00491668330505, 0.209202215075, 0.216839760542, 244.371551514, -260.349609375, 5275.36621094, -0.468768328428, 5.07216739655
        0.407, 0.00491887610406, 0.208687052131, 0.217757359147, 248.185699463, -261.189575195, 5272.76806641, 0.11624494195, 6.01568603516
        0.408, 0.00491448538378, 0.208218365908, 0.218651950359, 251.649078369, -260.957702637, 5268.59667969, 0.100436195731, 7.00876569748
        0.409, 0.00490902923048, 0.207749858499, 0.219523489475, 253.175521851, -259.599884033, 5262.25976562, -0.469624638557, 7.88146829605
         0.41, 0.00490838941187, 0.207250490785, 0.220370084047, 253.477111816, -257.299804688,    5253.21875, -1.55911982059, 8.48688602448
        0.411, 0.00491373380646, 0.206704601645, 0.221189081669, 253.558654785, -254.346511841, 5243.26220703, -3.10313725471, 8.74665927887
        0.412, 0.00492104841396, 0.206127971411, 0.221978679299, 254.462539673, -251.037765503, 5232.45751953, -4.95976448059, 8.68648147583
        0.413, 0.00492766685784, 0.205551162362, 0.222737669945, 255.830169678, -247.568908691, 5223.15820312, -6.9418463707, 8.34505176544
        0.414, 0.00493353838101, 0.204979971051, 0.223465830088, 257.033050537, -244.166122437, 5215.39746094, -8.84305953979, 7.80767011642
        0.415, 0.00494015449658, 0.204420939088, 0.224163129926, 258.292053223, -240.901260376, 5209.58837891, -10.4161710739, 7.12422227859
        0.416, 0.00494740204886, 0.203867673874, 0.224830299616, 259.837524414, -238.110946655, 5205.61523438, -11.5283031464,  6.3542804718
        0.417, 0.00495321210474, 0.203342184424, 0.225469306111, 262.232025146, -236.145263672, 5201.88525391, -12.1271152496, 5.60996770859
        0.418, 0.00495546963066, 0.202862456441, 0.22608268261, 265.127868652, -235.320205688, 5198.62207031, -12.2340326309, 5.00504350662
        0.419, 0.00495499046519, 0.202432513237, 0.226673170924, 267.358612061, -235.595352173, 5193.87158203, -11.8402395248, 4.65218877792
         0.42, 0.00495735974982, 0.202027276158, 0.227241575718, 268.242706299, -236.781738281, 5188.04980469, -10.9143743515, 4.55561304092
        0.421, 0.00496756099164, 0.201609537005, 0.227787733078, 267.899261475, -238.682662964, 5180.58837891, -9.54343605042, 4.69048404694
        0.422, 0.00498656230047, 0.201168820262, 0.228310585022, 267.616607666, -241.175537109, 5171.77978516, -7.88145399094, 4.98521852493
        0.423, 0.00500986352563, 0.20071233809, 0.228809580207, 268.348083496, -244.131149292, 5162.81542969, -6.1258392334, 5.40791416168
        0.424, 0.0050314324908,  0.2002671808, 0.229284748435, 270.232421875, -247.250030518, 5153.46240234, -4.4489865303, 5.89448690414
        0.425, 0.00504811713472, 0.199849233031, 0.229736313224, 272.478668213, -250.086395264, 5145.44091797, -2.96130013466, 6.40835618973
        0.426, 0.00506211724132, 0.199447333813, 0.230164706707,  273.91394043, -252.149337769,   5138.140625, -1.72488045692,  6.8484826088
        0.427, 0.00507729966193, 0.199051380157, 0.230569884181, 274.913787842, -253.158233643, 5132.25927734, -0.834695518017, 7.12091064453
        0.428, 0.0050943698734,  0.1986528337, 0.230952560902, 275.926879883, -253.11630249, 5127.42675781, -0.418041884899, 7.16243648529
        0.429, 0.00511013483629, 0.198273837566, 0.231314182281,  277.99520874, -252.228607178, 5122.72412109, -0.613895893097, 7.00981712341
         0.43, 0.00512222247198, 0.197927847505, 0.231656566262, 280.118743896, -250.464233398, 5118.26513672, -1.3863774538, 6.72821807861
        0.431, 0.00513300905004, 0.197611227632, 0.231980979443, 281.484619141, -247.868850708, 5112.39306641, -2.60368919373, 6.39650058746
        0.432, 0.00514724198729, 0.197301700711, 0.232287183404, 281.891357422, -244.585006714, 5105.91113281, -4.12125492096, 6.06421518326
        0.433, 0.00516718765721, 0.196967914701, 0.232574164867, 281.948913574, -240.871994019, 5098.09277344, -5.79033136368, 5.76099920273
        0.434, 0.00519105233252, 0.196608528495, 0.232840552926, 282.686035156, -237.155273438, 5089.83740234, -7.45191526413, 5.52388620377
        0.435, 0.00521423853934, 0.196234703064, 0.233085870743, 284.459747314, -233.899002075, 5081.69335938, -9.01637268066, 5.39718484879
        0.436, 0.00523230107501, 0.195877596736, 0.233310356736, 286.907501221, -231.323303223, 5073.43310547, -10.3127679825, 5.42762804031
        0.437, 0.00524556543678, 0.19554014504, 0.23351418972,  288.97454834, -229.507598877, 5066.16748047, -11.145655632,  5.6018075943
        0.438, 0.00525726750493, 0.195209249854, 0.233697339892, 290.188415527, -228.448760986, 5058.99609375, -11.3964767456, 5.85439872742
        0.439, 0.00527057191357, 0.194871470332, 0.233859434724,  290.82800293, -228.183029175, 5052.86279297, -11.0494623184, 6.09023332596
         0.44, 0.00528576830402, 0.194523230195, 0.234001100063, 291.552856445, -228.811767578, 5047.13525391, -10.2010679245, 6.23050546646
        0.441, 0.00529962545261, 0.194192305207, 0.234123721719, 293.187164307, -230.35256958, 5041.63378906, -9.03065013885, 6.26607561111
        0.442, 0.00530969863757, 0.193894863129, 0.234229296446, 295.084991455, -232.612060547, 5036.34521484, -7.63980674744, 6.21265125275
        0.443, 0.00531706539914, 0.193632543087, 0.23431918025, 296.685516357, -235.159912109, 5030.01123047, -6.13552618027, 6.10330963135
        0.444, 0.0053357379511, 0.193392440677, 0.234393656254, 297.298034668, -237.612609863, 5023.50927734, -4.6098985672, 5.93105649948
        0.445, 0.00535843940452, 0.193153738976, 0.234453424811, 297.820098877, -239.627197266, 5015.88525391, -3.20809268951, 5.70018625259
        0.446, 0.00533433957025, 0.192903369665, 0.234498053789, 298.920196533, -241.047851562, 5008.26269531, -2.07691311836, 5.41875934601
        0.447, 0.00521091697738,  0.1926458776, 0.234527498484, 301.221008301, -241.948623657, 5000.65771484, -1.39546751976, 5.16401386261
        0.448, 0.00497658317909, 0.192421317101, 0.234542936087, 304.314941406, -242.125320435, 4993.16357422, -1.2014913559, 5.00649213791
        0.449, 0.00465964153409, 0.192243605852, 0.234546527267, 307.188812256, -241.399108887, 4986.41162109, -1.43698322773, 5.00083494186
         0.45, 0.00430657016113, 0.192106485367, 0.23454028368, 309.306060791, -239.662811279, 4979.61230469, -1.99678874016, 5.11982250214
        0.451, 0.0039686546661, 0.191990420222, 0.234525576234, 310.666137695, -237.10774231, 4973.74365234, -2.83875632286, 5.31461000443
        0.452, 0.00368658779189, 0.191875815392, 0.234503775835, 311.539703369, -234.117355347,  4968.0390625, -3.94138073921, 5.53899526596
        0.453, 0.00348674040288, 0.191759869456, 0.234475985169, 311.837188721, -231.077285767, 4962.88671875, -5.27064371109, 5.76740980148
        0.454, 0.00338575663045, 0.191649988294, 0.234443366528, 310.266571045, -228.272888184, 4957.98486328, -6.68575716019, 5.99896097183
        0.455, 0.00339731806889, 0.191557228565, 0.234406322241, 305.983062744, -225.789199829, 4952.55712891, -8.01624584198, 6.23963212967
        0.456, 0.00355107150972, 0.191470310092, 0.234364166856, 297.731536865, -223.581375122, 4947.13769531, -9.03327083588, 6.43107128143
        0.457, 0.00388875510544, 0.191379114985, 0.234316110611, 286.819519043, -221.825820923, 4940.77246094, -9.65531349182, 6.49979257584
        0.458, 0.00444683805108, 0.191287353635, 0.234261527658, 275.833221436, -220.802368164, 4934.72363281, -9.89332389832, 6.41084957123
        0.459, 0.00523073691875, 0.191199928522, 0.234201043844, 267.440979004, -220.641815186, 4928.73242188, -9.78727531433,  6.1851606369
         0.46, 0.00621568365023, 0.191126182675, 0.234135523438, 263.070831299, -221.266525269, 4923.48583984, -9.34273815155, 5.88270616531
        0.461, 0.00735911680385, 0.191060766578, 0.234065830708, 262.973449707, -222.364883423, 4919.23095703, -8.53273105621, 5.53386831284
        0.462, 0.00861249212176, 0.191001072526, 0.23399245739,  268.57800293, -223.705413818, 4915.29443359, -7.42225646973, 5.16857671738
        0.463, 0.00991753209382, 0.190929785371, 0.233915567398, 281.575164795, -225.146270752, 4912.43798828, -6.13060760498, 4.80539703369
        0.464, 0.0112014776096, 0.190850928426, 0.233835712075, 303.688751221, -226.720550537, 4909.70166016, -4.86663198471, 4.49206972122
        0.465, 0.0123911993578, 0.190796419978, 0.233753278852, 334.013763428, -228.288101196, 4907.78857422, -3.78819966316, 4.31134748459
        0.466, 0.0134316785261, 0.190758556128, 0.233668521047, 369.979187012, -229.675094604, 4906.00195312, -2.95839309692, 4.30835866928
        0.467, 0.0142864966765, 0.190712630749, 0.233579665422, 408.817443848, -230.564788818, 4904.05078125, -2.39511418343, 4.48377275467
        0.468, 0.0149251995608, 0.190619394183, 0.233483403921, 448.060668945, -230.713241577, 4901.95361328, -2.06746315956, 4.79201316833
        0.469, 0.0153227113187, 0.190458133817, 0.23337584734, 486.178405762, -230.110290527,  4899.0390625, -1.99814784527, 5.16476535797
         0.47, 0.0154633456841, 0.190249040723, 0.233253985643, 521.491577148, -228.938842773, 4896.34130859, -2.27241277695, 5.52332544327
        0.471, 0.0153441959992, 0.190020054579, 0.233116865158, 552.965759277, -227.37878418, 4893.49902344, -2.85131430626, 5.85292863846
        0.472, 0.0149748120457, 0.189807146788, 0.232964858413, 579.689758301, -225.487792969, 4891.22460938, -3.69625926018, 6.12969446182
        0.473, 0.0143766049296, 0.189622968435, 0.232799291611, 600.959411621, -223.379302979, 4889.51416016, -4.66363143921, 6.33957242966
        0.474, 0.0135738961399, 0.189467445016, 0.232621148229, 617.657165527, -221.169189453, 4888.02832031, -5.69102811813, 6.47804498672
        0.475, 0.0125932991505, 0.189320832491, 0.232430949807, 629.587402344, -218.935974121, 4887.37011719, -6.62735652924, 6.49045467377
        0.476, 0.0114608593285, 0.189172387123, 0.232229620218,  638.20880127, -216.908737183,  4886.7421875, -7.43384408951, 6.36318159103
        0.477, 0.0101963933557, 0.189028337598, 0.232017949224,  644.35369873, -215.349487305, 4886.83398438, -8.06379127502, 6.10671520233
        0.478, 0.0088090961799, 0.188893824816, 0.231797516346, 649.481750488, -214.402313232, 4887.07714844, -8.52124118805, 5.79927587509
        0.479, 0.00731433462352, 0.188802272081, 0.23156966269, 651.435668945, -213.981109619, 4887.40234375, -8.66000556946, 5.49935770035
         0.48, 0.00574035011232, 0.188743650913, 0.231335103512, 648.183959961, -213.987350464, 4887.68505859, -8.48537635803, 5.25007343292
        0.481, 0.0041277371347, 0.188708797097, 0.231093585491, 637.600524902, -214.287628174, 4887.31396484, -7.95807409286,  5.0617389679
        0.482, 0.00252689188346, 0.188660591841, 0.230844423175, 619.540344238, -214.972946167, 4886.86767578, -7.17105579376, 4.90416097641
        0.483, 0.000988349202089, 0.188605859876, 0.230587884784,  595.77734375, -216.190628052, 4886.07226562, -6.31368923187, 4.80017852783
        0.484, -0.000439968629507, 0.188564896584, 0.230325773358, 566.730773926, -217.77130127, 4885.54199219, -5.47557401657, 4.78729629517
        0.485, -0.00170483638067, 0.188557103276, 0.230060979724, 530.441040039, -219.305343628, 4885.30761719, -4.62610578537, 4.86511325836
        0.486, -0.00275677023456, 0.188575997949, 0.229795306921, 487.202087402, -220.548431396, 4885.04833984, -3.81187367439, 4.98930311203
        0.487, -0.00356924394146, 0.18860347569, 0.229529619217, 440.899261475, -221.453933716, 4885.34960938, -3.15937876701, 5.15166854858
        0.488, -0.00413896748796, 0.188637778163, 0.229264631867, 394.040710449, -221.979660034, 4885.75537109, -2.69015312195, 5.32511854172
        0.489, -0.00447538634762, 0.188682198524, 0.229000806808, 347.764434814, -222.10319519, 4886.80810547, -2.52666354179,  5.4615983963
         0.49, -0.00458940537646, 0.188731238246, 0.228738307953,  302.65322876, -221.931716919, 4888.09179688, -2.68135070801, 5.55590867996
        0.491, -0.00449361745268, 0.188773602247, 0.22847647965, 260.218933105, -221.288833618, 4889.57714844, -3.10466742516, 5.62092447281
        0.492, -0.00419496092945, 0.188802316785, 0.228214323521, 220.922225952, -220.096710205, 4891.41748047, -3.67629384995, 5.63942337036
        0.493, -0.00369682256132, 0.188795551658, 0.227950498462,  186.10496521, -218.486419678, 4892.57177734, -4.33356428146, 5.57540607452
        0.494, -0.00300682126544, 0.188717916608, 0.227681308985, 157.162963867, -216.805755615, 4893.73632812, -5.12523412704, 5.44235944748
        0.495, -0.00213671126403, 0.188601121306, 0.227402418852, 134.139938354, -215.127029419, 4894.02978516, -5.94050312042, 5.29519510269
        0.496, -0.00110273750033, 0.18849042058, 0.227113977075, 116.186851501,  -213.5103302,  4894.2265625, -6.67363929749, 5.14181232452
        0.497, 7.13742119842e-05, 0.188392102718, 0.226816475391, 102.626457214, -212.152557373, 4894.06933594, -7.25650453568,  4.9876203537
        0.498, 0.00134765298571, 0.188306137919, 0.226510345936, 94.5208587646, -211.300872803,  4893.8359375, -7.69939565659, 4.85915184021
        0.499, 0.00267784157768, 0.188228458166, 0.22619612515, 91.5609741211, -210.873046875, 4894.18212891, -7.92171382904,  4.7856221199
          0.5, 0.00401318445802, 0.188161164522, 0.225874528289, 93.3271331787, -210.707321167, 4894.28564453, -7.82091093063, 4.75125408173
        0.501, 0.00530910631642, 0.188106968999, 0.225546076894, 99.2917175293, -210.947906494, 4895.09228516, -7.46927404404, 4.73592662811
        0.502, 0.00652744714171, 0.188063502312, 0.225211456418, 109.904953003, -211.707138062, 4895.52392578, -6.98780345917, 4.75135946274
        0.503, 0.00763768656179, 0.188037633896, 0.224871173501, 125.584671021, -212.776016235, 4896.39257812, -6.37144708633, 4.80120611191
        0.504, 0.00862033478916, 0.188019558787, 0.224525943398, 145.935272217, -213.957046509, 4897.09326172, -5.63414907455, 4.88294887543
        0.505, 0.0094686076045, 0.188013896346, 0.224176347256,  170.18850708, -215.108139038, 4897.38085938, -4.84039449692, 4.98299741745
        0.506, 0.0101860575378, 0.188003361225, 0.223822578788, 197.253295898, -216.127380371, 4897.26953125, -4.10242366791, 5.06806135178
        0.507, 0.0107798986137, 0.187985986471, 0.223464742303, 226.708450317, -216.858688354, 4895.83056641, -3.47614049911, 5.11912059784
        0.508, 0.0112569769844, 0.187961533666, 0.223102837801, 257.744567871, -217.336730957, 4894.07470703, -3.05608820915, 5.12345027924
        0.509, 0.0116217778996, 0.187940448523, 0.222737386823, 289.299682617, -217.568481445, 4891.57519531, -2.91832876205, 5.11396121979
         0.51, 0.0118771372363, 0.187928840518, 0.22236853838, 319.791015625, -217.378829956, 4889.26464844, -3.0216217041, 5.10820245743
        0.511, 0.0120258098468, 0.187925234437, 0.221996203065,  347.63684082, -216.707946777, 4887.14257812, -3.28947257996, 5.12410545349
        0.512, 0.0120666613802, 0.187924712896, 0.221619814634, 372.916870117, -215.602050781,  4884.9296875, -3.7128276825, 5.17847156525
        0.513, 0.0119972210377, 0.187915727496, 0.221238389611,  395.20501709, -214.228378296, 4883.09423828, -4.25901937485, 5.23623418808
        0.514, 0.0118155498058, 0.187892124057, 0.220851272345, 415.224029541, -212.786254883,   4880.921875, -4.92784881592, 5.29013967514
        0.515, 0.0115243587643, 0.187853455544, 0.22045776248, 433.055664062, -211.28704834, 4878.93945312, -5.60349178314, 5.32550001144
        0.516, 0.0111325858161, 0.187801644206, 0.220057755709, 449.334625244, -209.884170532, 4876.62255859, -6.20625352859,  5.3499622345
        0.517, 0.0106535954401, 0.187743574381, 0.219650954008, 464.385742188, -208.672546387, 4873.63085938, -6.70940637589, 5.36704015732
        0.518, 0.0101071568206, 0.187686413527, 0.219237178564, 477.907470703, -207.773605347, 4870.05859375, -7.06973314285, 5.38465452194
        0.519, 0.00951752718538, 0.187631860375, 0.218816205859, 489.762023926, -207.240753174, 4865.35498047, -7.2451748848,  5.4067158699
         0.52, 0.00890949741006, 0.187571302056, 0.218387246132, 499.206359863, -207.070373535, 4860.41894531, -7.22159481049, 5.42629146576
        0.521, 0.00830973219126, 0.187492802739, 0.217949718237,  505.45199585, -207.274765015, 4855.07568359, -6.98626804352, 5.42139577866
        0.522, 0.00774105358869, 0.187390729785, 0.21750280261, 508.307403564, -207.843154907,  4849.7890625, -6.60131263733, 5.37025594711
        0.523, 0.00721770571545, 0.187259718776, 0.217045858502, 508.092468262, -208.641815186, 4844.71337891, -6.07148599625,  5.2803478241
        0.524, 0.00674404110759, 0.187115699053, 0.216578736901, 505.750030518, -209.575378418, 4839.36865234, -5.47735500336, 5.16529893875
        0.525, 0.00631650863215, 0.186978369951, 0.216101631522, 501.230438232, -210.436248779, 4834.48925781, -4.84500360489, 5.05455541611
        0.526, 0.00593288475648, 0.186865717173, 0.215615302324, 494.318054199, -211.21685791, 4829.27978516, -4.22898340225, 4.96609354019
        0.527, 0.00559152662754, 0.186775907874, 0.215119734406, 485.112060547, -211.871337891, 4824.17578125, -3.70478844643, 4.91763830185
        0.528, 0.00529430620372, 0.186679333448, 0.214614063501, 474.035980225, -212.285049438, 4818.65917969, -3.32560873032, 4.90114784241
        0.529, 0.00504268007353, 0.18655602634, 0.214096754789, 462.430786133, -212.428497314, 4812.40673828, -3.12535572052,  4.9106593132
         0.53, 0.00483817374334, 0.186396360397, 0.213566303253, 451.442901611, -212.267211914, 4805.68554688, -3.10432434082, 4.93780660629
        0.531, 0.00468097440898, 0.186212494969, 0.213021710515, 442.242095947, -211.775939941, 4797.98486328, -3.29132318497, 4.99524879456
        0.532, 0.0045724301599, 0.186022594571, 0.212462559342, 434.157714844, -210.99671936, 4790.32763672, -3.60893511772, 5.08758926392
        0.533, 0.00451270164922, 0.185831949115, 0.211888700724, 426.674804688, -210.020263672, 4782.29785156, -4.04343557358, 5.21185731888
        0.534, 0.00449854042381, 0.185637250543, 0.211299285293, 419.141387939, -208.829818726, 4774.54492188, -4.51684331894, 5.34656667709
        0.535, 0.00452273571864, 0.185424864292, 0.210693463683, 411.263275146, -207.559463501, 4766.94287109, -4.99385643005, 5.45024442673
        0.536, 0.00457364879549, 0.18519435823, 0.210070416331, 403.681365967, -206.314361572, 4759.11425781, -5.4405875206, 5.49329805374
        0.537, 0.00462791509926, 0.184951514006, 0.209429681301, 396.872680664, -205.26260376, 4751.54248047, -5.86024522781, 5.47196340561
        0.538, 0.00466304970905, 0.184714302421, 0.20877161622, 390.714263916, -204.424514771, 4743.37792969, -6.18208885193, 5.40028762817
        0.539, 0.00466027110815, 0.184493765235, 0.208096683025, 384.686340332, -203.822769165, 4735.31591797, -6.36941814423, 5.29766464233
         0.54, 0.00460968213156, 0.184288099408, 0.207405522466, 378.438079834, -203.450744629, 4726.70556641, -6.39338874817, 5.19101285934
        0.541, 0.00450980011374, 0.18408793211, 0.206698045135, 371.995941162, -203.28314209, 4717.73779297, -6.24733734131, 5.07567882538
        0.542, 0.00436713406816, 0.183881446719, 0.205974280834, 365.173309326, -203.347503662, 4708.44189453, -5.95364809036, 4.95074033737
        0.543, 0.00419216137379, 0.183665409684, 0.205234274268, 358.752258301, -203.636581421, 4698.32519531, -5.59506702423, 4.81151485443
        0.544, 0.00399671215564, 0.183448925614, 0.204478219151, 352.790679932, -204.104141235, 4688.37304688, -5.17191982269, 4.67708683014
